"","x"
"1","ENSSSCG00000000002"
"2","ENSSSCG00000000025"
"3","ENSSSCG00000000110"
"4","ENSSSCG00000000130"
"5","ENSSSCG00000000133"
"6","ENSSSCG00000000136"
"7","ENSSSCG00000000138"
"8","ENSSSCG00000000175"
"9","ENSSSCG00000000195"
"10","ENSSSCG00000000262"
"11","ENSSSCG00000000649"
"12","ENSSSCG00000000730"
"13","ENSSSCG00000000734"
"14","ENSSSCG00000000970"
"15","ENSSSCG00000000978"
"16","ENSSSCG00000001156"
"17","ENSSSCG00000001248"
"18","ENSSSCG00000001341"
"19","ENSSSCG00000001561"
"20","ENSSSCG00000001566"
"21","ENSSSCG00000001570"
"22","ENSSSCG00000001620"
"23","ENSSSCG00000001696"
"24","ENSSSCG00000001698"
"25","ENSSSCG00000001725"
"26","ENSSSCG00000001904"
"27","ENSSSCG00000001910"
"28","ENSSSCG00000001938"
"29","ENSSSCG00000001952"
"30","ENSSSCG00000001985"
"31","ENSSSCG00000001987"
"32","ENSSSCG00000002013"
"33","ENSSSCG00000002015"
"34","ENSSSCG00000002033"
"35","ENSSSCG00000002041"
"36","ENSSSCG00000002385"
"37","ENSSSCG00000002476"
"38","ENSSSCG00000002642"
"39","ENSSSCG00000002668"
"40","ENSSSCG00000002722"
"41","ENSSSCG00000002811"
"42","ENSSSCG00000002812"
"43","ENSSSCG00000002815"
"44","ENSSSCG00000002838"
"45","ENSSSCG00000002864"
"46","ENSSSCG00000002887"
"47","ENSSSCG00000002954"
"48","ENSSSCG00000002962"
"49","ENSSSCG00000002993"
"50","ENSSSCG00000003006"
"51","ENSSSCG00000003068"
"52","ENSSSCG00000003079"
"53","ENSSSCG00000003088"
"54","ENSSSCG00000003136"
"55","ENSSSCG00000003137"
"56","ENSSSCG00000003146"
"57","ENSSSCG00000003149"
"58","ENSSSCG00000003165"
"59","ENSSSCG00000003189"
"60","ENSSSCG00000003197"
"61","ENSSSCG00000003211"
"62","ENSSSCG00000003217"
"63","ENSSSCG00000003238"
"64","ENSSSCG00000003346"
"65","ENSSSCG00000003465"
"66","ENSSSCG00000003466"
"67","ENSSSCG00000003468"
"68","ENSSSCG00000003472"
"69","ENSSSCG00000003479"
"70","ENSSSCG00000003573"
"71","ENSSSCG00000003608"
"72","ENSSSCG00000003628"
"73","ENSSSCG00000003775"
"74","ENSSSCG00000003788"
"75","ENSSSCG00000003876"
"76","ENSSSCG00000003900"
"77","ENSSSCG00000003905"
"78","ENSSSCG00000003918"
"79","ENSSSCG00000004013"
"80","ENSSSCG00000004082"
"81","ENSSSCG00000004119"
"82","ENSSSCG00000004199"
"83","ENSSSCG00000004207"
"84","ENSSSCG00000004222"
"85","ENSSSCG00000004237"
"86","ENSSSCG00000004762"
"87","ENSSSCG00000004779"
"88","ENSSSCG00000004834"
"89","ENSSSCG00000005180"
"90","ENSSSCG00000005284"
"91","ENSSSCG00000005308"
"92","ENSSSCG00000005349"
"93","ENSSSCG00000005382"
"94","ENSSSCG00000005399"
"95","ENSSSCG00000005452"
"96","ENSSSCG00000005486"
"97","ENSSSCG00000005524"
"98","ENSSSCG00000005626"
"99","ENSSSCG00000005657"
"100","ENSSSCG00000005719"
"101","ENSSSCG00000005723"
"102","ENSSSCG00000005971"
"103","ENSSSCG00000006165"
"104","ENSSSCG00000006250"
"105","ENSSSCG00000006266"
"106","ENSSSCG00000006376"
"107","ENSSSCG00000006392"
"108","ENSSSCG00000006466"
"109","ENSSSCG00000006564"
"110","ENSSSCG00000006581"
"111","ENSSSCG00000006587"
"112","ENSSSCG00000006604"
"113","ENSSSCG00000006620"
"114","ENSSSCG00000006634"
"115","ENSSSCG00000006745"
"116","ENSSSCG00000006748"
"117","ENSSSCG00000007073"
"118","ENSSSCG00000007077"
"119","ENSSSCG00000007116"
"120","ENSSSCG00000007135"
"121","ENSSSCG00000007239"
"122","ENSSSCG00000007240"
"123","ENSSSCG00000007261"
"124","ENSSSCG00000007286"
"125","ENSSSCG00000007336"
"126","ENSSSCG00000007439"
"127","ENSSSCG00000007491"
"128","ENSSSCG00000007527"
"129","ENSSSCG00000007577"
"130","ENSSSCG00000007649"
"131","ENSSSCG00000007721"
"132","ENSSSCG00000007722"
"133","ENSSSCG00000007744"
"134","ENSSSCG00000007765"
"135","ENSSSCG00000007917"
"136","ENSSSCG00000007949"
"137","ENSSSCG00000007973"
"138","ENSSSCG00000008044"
"139","ENSSSCG00000008193"
"140","ENSSSCG00000008310"
"141","ENSSSCG00000008517"
"142","ENSSSCG00000008583"
"143","ENSSSCG00000008686"
"144","ENSSSCG00000008722"
"145","ENSSSCG00000008836"
"146","ENSSSCG00000008867"
"147","ENSSSCG00000008874"
"148","ENSSSCG00000008899"
"149","ENSSSCG00000008987"
"150","ENSSSCG00000009053"
"151","ENSSSCG00000009245"
"152","ENSSSCG00000009502"
"153","ENSSSCG00000009566"
"154","ENSSSCG00000009589"
"155","ENSSSCG00000009616"
"156","ENSSSCG00000009621"
"157","ENSSSCG00000009817"
"158","ENSSSCG00000009858"
"159","ENSSSCG00000009956"
"160","ENSSSCG00000009957"
"161","ENSSSCG00000010068"
"162","ENSSSCG00000010089"
"163","ENSSSCG00000010184"
"164","ENSSSCG00000010271"
"165","ENSSSCG00000010503"
"166","ENSSSCG00000010533"
"167","ENSSSCG00000010756"
"168","ENSSSCG00000010791"
"169","ENSSSCG00000010900"
"170","ENSSSCG00000011041"
"171","ENSSSCG00000011087"
"172","ENSSSCG00000011121"
"173","ENSSSCG00000011127"
"174","ENSSSCG00000011684"
"175","ENSSSCG00000011788"
"176","ENSSSCG00000011876"
"177","ENSSSCG00000011923"
"178","ENSSSCG00000011929"
"179","ENSSSCG00000012038"
"180","ENSSSCG00000012847"
"181","ENSSSCG00000012855"
"182","ENSSSCG00000012883"
"183","ENSSSCG00000012915"
"184","ENSSSCG00000012994"
"185","ENSSSCG00000013030"
"186","ENSSSCG00000013050"
"187","ENSSSCG00000013092"
"188","ENSSSCG00000013114"
"189","ENSSSCG00000013181"
"190","ENSSSCG00000013231"
"191","ENSSSCG00000013237"
"192","ENSSSCG00000013260"
"193","ENSSSCG00000013301"
"194","ENSSSCG00000013517"
"195","ENSSSCG00000013553"
"196","ENSSSCG00000013659"
"197","ENSSSCG00000013772"
"198","ENSSSCG00000013775"
"199","ENSSSCG00000013879"
"200","ENSSSCG00000014015"
"201","ENSSSCG00000014190"
"202","ENSSSCG00000014203"
"203","ENSSSCG00000014257"
"204","ENSSSCG00000014339"
"205","ENSSSCG00000014366"
"206","ENSSSCG00000014399"
"207","ENSSSCG00000014447"
"208","ENSSSCG00000014570"
"209","ENSSSCG00000014840"
"210","ENSSSCG00000015035"
"211","ENSSSCG00000015036"
"212","ENSSSCG00000015049"
"213","ENSSSCG00000015144"
"214","ENSSSCG00000015199"
"215","ENSSSCG00000015205"
"216","ENSSSCG00000015246"
"217","ENSSSCG00000015250"
"218","ENSSSCG00000015290"
"219","ENSSSCG00000015314"
"220","ENSSSCG00000015427"
"221","ENSSSCG00000015482"
"222","ENSSSCG00000015549"
"223","ENSSSCG00000015563"
"224","ENSSSCG00000015592"
"225","ENSSSCG00000015604"
"226","ENSSSCG00000015660"
"227","ENSSSCG00000015924"
"228","ENSSSCG00000015969"
"229","ENSSSCG00000016059"
"230","ENSSSCG00000016189"
"231","ENSSSCG00000016199"
"232","ENSSSCG00000016216"
"233","ENSSSCG00000016220"
"234","ENSSSCG00000016335"
"235","ENSSSCG00000016340"
"236","ENSSSCG00000016444"
"237","ENSSSCG00000016574"
"238","ENSSSCG00000016579"
"239","ENSSSCG00000016664"
"240","ENSSSCG00000016674"
"241","ENSSSCG00000016691"
"242","ENSSSCG00000017005"
"243","ENSSSCG00000017091"
"244","ENSSSCG00000017101"
"245","ENSSSCG00000017131"
"246","ENSSSCG00000017177"
"247","ENSSSCG00000017181"
"248","ENSSSCG00000017238"
"249","ENSSSCG00000017540"
"250","ENSSSCG00000017667"
"251","ENSSSCG00000017668"
"252","ENSSSCG00000017896"
"253","ENSSSCG00000017906"
"254","ENSSSCG00000017927"
"255","ENSSSCG00000017988"
"256","ENSSSCG00000018007"
"257","ENSSSCG00000020462"
"258","ENSSSCG00000021059"
"259","ENSSSCG00000021158"
"260","ENSSSCG00000021218"
"261","ENSSSCG00000021688"
"262","ENSSSCG00000021880"
"263","ENSSSCG00000021890"
"264","ENSSSCG00000021971"
"265","ENSSSCG00000022060"
"266","ENSSSCG00000022247"
"267","ENSSSCG00000022483"
"268","ENSSSCG00000022525"
"269","ENSSSCG00000022553"
"270","ENSSSCG00000023057"
"271","ENSSSCG00000023130"
"272","ENSSSCG00000023160"
"273","ENSSSCG00000023178"
"274","ENSSSCG00000023325"
"275","ENSSSCG00000023933"
"276","ENSSSCG00000023975"
"277","ENSSSCG00000024325"
"278","ENSSSCG00000024545"
"279","ENSSSCG00000024610"
"280","ENSSSCG00000024633"
"281","ENSSSCG00000024771"
"282","ENSSSCG00000024917"
"283","ENSSSCG00000025126"
"284","ENSSSCG00000025133"
"285","ENSSSCG00000025270"
"286","ENSSSCG00000025271"
"287","ENSSSCG00000025295"
"288","ENSSSCG00000025323"
"289","ENSSSCG00000025353"
"290","ENSSSCG00000025455"
"291","ENSSSCG00000025537"
"292","ENSSSCG00000025568"
"293","ENSSSCG00000025806"
"294","ENSSSCG00000025879"
"295","ENSSSCG00000026155"
"296","ENSSSCG00000026229"
"297","ENSSSCG00000026257"
"298","ENSSSCG00000026427"
"299","ENSSSCG00000026680"
"300","ENSSSCG00000026689"
"301","ENSSSCG00000026733"
"302","ENSSSCG00000026789"
"303","ENSSSCG00000026850"
"304","ENSSSCG00000026945"
"305","ENSSSCG00000027302"
"306","ENSSSCG00000027548"
"307","ENSSSCG00000027684"
"308","ENSSSCG00000027709"
"309","ENSSSCG00000027890"
"310","ENSSSCG00000028112"
"311","ENSSSCG00000028350"
"312","ENSSSCG00000028387"
"313","ENSSSCG00000028431"
"314","ENSSSCG00000028446"
"315","ENSSSCG00000028572"
"316","ENSSSCG00000028581"
"317","ENSSSCG00000028662"
"318","ENSSSCG00000028691"
"319","ENSSSCG00000028696"
"320","ENSSSCG00000028740"
"321","ENSSSCG00000028858"
"322","ENSSSCG00000029061"
"323","ENSSSCG00000029189"
"324","ENSSSCG00000029339"
"325","ENSSSCG00000029388"
"326","ENSSSCG00000029392"
"327","ENSSSCG00000029408"
"328","ENSSSCG00000029553"
"329","ENSSSCG00000029752"
"330","ENSSSCG00000029763"
"331","ENSSSCG00000030209"
"332","ENSSSCG00000030361"
"333","ENSSSCG00000030603"
"334","ENSSSCG00000031053"
"335","ENSSSCG00000031088"
"336","ENSSSCG00000031166"
"337","ENSSSCG00000031346"
"338","ENSSSCG00000031487"
"339","ENSSSCG00000031493"
"340","ENSSSCG00000031589"
"341","ENSSSCG00000031793"
"342","ENSSSCG00000031981"
"343","ENSSSCG00000032213"
"344","ENSSSCG00000032266"
"345","ENSSSCG00000032282"
"346","ENSSSCG00000032381"
"347","ENSSSCG00000032383"
"348","ENSSSCG00000032443"
"349","ENSSSCG00000032452"
"350","ENSSSCG00000032676"
"351","ENSSSCG00000032687"
"352","ENSSSCG00000033003"
"353","ENSSSCG00000033018"
"354","ENSSSCG00000033293"
"355","ENSSSCG00000033392"
"356","ENSSSCG00000033512"
"357","ENSSSCG00000033539"
"358","ENSSSCG00000033648"
"359","ENSSSCG00000033682"
"360","ENSSSCG00000033689"
"361","ENSSSCG00000033809"
"362","ENSSSCG00000033822"
"363","ENSSSCG00000033894"
"364","ENSSSCG00000034049"
"365","ENSSSCG00000034291"
"366","ENSSSCG00000034431"
"367","ENSSSCG00000034441"
"368","ENSSSCG00000034598"
"369","ENSSSCG00000034615"
"370","ENSSSCG00000034858"
"371","ENSSSCG00000035069"
"372","ENSSSCG00000035152"
"373","ENSSSCG00000035369"
"374","ENSSSCG00000035371"
"375","ENSSSCG00000035403"
"376","ENSSSCG00000035594"
"377","ENSSSCG00000035602"
"378","ENSSSCG00000035649"
"379","ENSSSCG00000035772"
"380","ENSSSCG00000035798"
"381","ENSSSCG00000035876"
"382","ENSSSCG00000035904"
"383","ENSSSCG00000035996"
"384","ENSSSCG00000036049"
"385","ENSSSCG00000036208"
"386","ENSSSCG00000036257"
"387","ENSSSCG00000036474"
"388","ENSSSCG00000036537"
"389","ENSSSCG00000036613"
"390","ENSSSCG00000036724"
"391","ENSSSCG00000036775"
"392","ENSSSCG00000036963"
"393","ENSSSCG00000037013"
"394","ENSSSCG00000037096"
"395","ENSSSCG00000037120"
"396","ENSSSCG00000037188"
"397","ENSSSCG00000037336"
"398","ENSSSCG00000037425"
"399","ENSSSCG00000037617"
"400","ENSSSCG00000037646"
"401","ENSSSCG00000037669"
"402","ENSSSCG00000037701"
"403","ENSSSCG00000037739"
"404","ENSSSCG00000037832"
"405","ENSSSCG00000038056"
"406","ENSSSCG00000038094"
"407","ENSSSCG00000038095"
"408","ENSSSCG00000038151"
"409","ENSSSCG00000038323"
"410","ENSSSCG00000038492"
"411","ENSSSCG00000038550"
"412","ENSSSCG00000038768"
"413","ENSSSCG00000038844"
"414","ENSSSCG00000038857"
"415","ENSSSCG00000038901"
"416","ENSSSCG00000038966"
"417","ENSSSCG00000038969"
"418","ENSSSCG00000039054"
"419","ENSSSCG00000039322"
"420","ENSSSCG00000039413"
"421","ENSSSCG00000039488"
"422","ENSSSCG00000039651"
"423","ENSSSCG00000039684"
"424","ENSSSCG00000039793"
"425","ENSSSCG00000039815"
"426","ENSSSCG00000039842"
"427","ENSSSCG00000039922"
"428","ENSSSCG00000040001"
"429","ENSSSCG00000040111"
"430","ENSSSCG00000040123"
"431","ENSSSCG00000040524"
"432","ENSSSCG00000040579"
"433","ENSSSCG00000040607"
"434","ENSSSCG00000040673"
"435","ENSSSCG00000041552"
"436","ENSSSCG00000041566"
"437","ENSSSCG00000041738"
"438","ENSSSCG00000041966"
"439","ENSSSCG00000042225"
"440","ENSSSCG00000042259"
"441","ENSSSCG00000042350"
"442","ENSSSCG00000042679"
"443","ENSSSCG00000042892"
"444","ENSSSCG00000043118"
"445","ENSSSCG00000043182"
"446","ENSSSCG00000043748"
"447","ENSSSCG00000043816"
"448","ENSSSCG00000044588"
"449","ENSSSCG00000044755"
"450","ENSSSCG00000044768"
"451","ENSSSCG00000045249"
"452","ENSSSCG00000045443"
"453","ENSSSCG00000045701"
"454","ENSSSCG00000045782"
"455","ENSSSCG00000046041"
"456","ENSSSCG00000046684"
"457","ENSSSCG00000046736"
"458","ENSSSCG00000046803"
"459","ENSSSCG00000046808"
"460","ENSSSCG00000046822"
"461","ENSSSCG00000046890"
"462","ENSSSCG00000046917"
"463","ENSSSCG00000046937"
"464","ENSSSCG00000047075"
"465","ENSSSCG00000047137"
"466","ENSSSCG00000047429"
"467","ENSSSCG00000047677"
"468","ENSSSCG00000047878"
"469","ENSSSCG00000048554"
"470","ENSSSCG00000048845"
"471","ENSSSCG00000049005"
"472","ENSSSCG00000049125"
"473","ENSSSCG00000049216"
"474","ENSSSCG00000049399"
"475","ENSSSCG00000049445"
"476","ENSSSCG00000049467"
"477","ENSSSCG00000049475"
"478","ENSSSCG00000049491"
"479","ENSSSCG00000049854"
"480","ENSSSCG00000049992"
"481","ENSSSCG00000050498"
"482","ENSSSCG00000050616"
"483","ENSSSCG00000050623"
"484","ENSSSCG00000050747"
"485","ENSSSCG00000050750"
"486","ENSSSCG00000051054"
"487","ENSSSCG00000051187"
"488","ENSSSCG00000051274"
"489","ENSSSCG00000051296"
"490","ENSSSCG00000051361"
"491","ENSSSCG00000051428"
"492","ENSSSCG00000051459"
"493","ENSSSCG00000051585"
"494","ENSSSCG00000000158"
"495","ENSSSCG00000000605"
"496","ENSSSCG00000000915"
"497","ENSSSCG00000001076"
"498","ENSSSCG00000001469"
"499","ENSSSCG00000001473"
"500","ENSSSCG00000001619"
"501","ENSSSCG00000001629"
"502","ENSSSCG00000002381"
"503","ENSSSCG00000002752"
"504","ENSSSCG00000002790"
"505","ENSSSCG00000002919"
"506","ENSSSCG00000003040"
"507","ENSSSCG00000003081"
"508","ENSSSCG00000003170"
"509","ENSSSCG00000003232"
"510","ENSSSCG00000003407"
"511","ENSSSCG00000003634"
"512","ENSSSCG00000003844"
"513","ENSSSCG00000004024"
"514","ENSSSCG00000004093"
"515","ENSSSCG00000004178"
"516","ENSSSCG00000004332"
"517","ENSSSCG00000004616"
"518","ENSSSCG00000004966"
"519","ENSSSCG00000005751"
"520","ENSSSCG00000005930"
"521","ENSSSCG00000005938"
"522","ENSSSCG00000006382"
"523","ENSSSCG00000006393"
"524","ENSSSCG00000006478"
"525","ENSSSCG00000006488"
"526","ENSSSCG00000006553"
"527","ENSSSCG00000006651"
"528","ENSSSCG00000006689"
"529","ENSSSCG00000006701"
"530","ENSSSCG00000007147"
"531","ENSSSCG00000007162"
"532","ENSSSCG00000007188"
"533","ENSSSCG00000007264"
"534","ENSSSCG00000007398"
"535","ENSSSCG00000007554"
"536","ENSSSCG00000007739"
"537","ENSSSCG00000007807"
"538","ENSSSCG00000007983"
"539","ENSSSCG00000008039"
"540","ENSSSCG00000008115"
"541","ENSSSCG00000008218"
"542","ENSSSCG00000008429"
"543","ENSSSCG00000009002"
"544","ENSSSCG00000009022"
"545","ENSSSCG00000009093"
"546","ENSSSCG00000009138"
"547","ENSSSCG00000009144"
"548","ENSSSCG00000009853"
"549","ENSSSCG00000010101"
"550","ENSSSCG00000010181"
"551","ENSSSCG00000010280"
"552","ENSSSCG00000010474"
"553","ENSSSCG00000010669"
"554","ENSSSCG00000010746"
"555","ENSSSCG00000010832"
"556","ENSSSCG00000011079"
"557","ENSSSCG00000011353"
"558","ENSSSCG00000011618"
"559","ENSSSCG00000011683"
"560","ENSSSCG00000012848"
"561","ENSSSCG00000012970"
"562","ENSSSCG00000012971"
"563","ENSSSCG00000013028"
"564","ENSSSCG00000013067"
"565","ENSSSCG00000013618"
"566","ENSSSCG00000013768"
"567","ENSSSCG00000014052"
"568","ENSSSCG00000014128"
"569","ENSSSCG00000014311"
"570","ENSSSCG00000014351"
"571","ENSSSCG00000014390"
"572","ENSSSCG00000014395"
"573","ENSSSCG00000015138"
"574","ENSSSCG00000015322"
"575","ENSSSCG00000015428"
"576","ENSSSCG00000015538"
"577","ENSSSCG00000015650"
"578","ENSSSCG00000015657"
"579","ENSSSCG00000015741"
"580","ENSSSCG00000015816"
"581","ENSSSCG00000015883"
"582","ENSSSCG00000015914"
"583","ENSSSCG00000016269"
"584","ENSSSCG00000016545"
"585","ENSSSCG00000016563"
"586","ENSSSCG00000016618"
"587","ENSSSCG00000016754"
"588","ENSSSCG00000016949"
"589","ENSSSCG00000017112"
"590","ENSSSCG00000017172"
"591","ENSSSCG00000017191"
"592","ENSSSCG00000017196"
"593","ENSSSCG00000017410"
"594","ENSSSCG00000017496"
"595","ENSSSCG00000017515"
"596","ENSSSCG00000017608"
"597","ENSSSCG00000017717"
"598","ENSSSCG00000017873"
"599","ENSSSCG00000018026"
"600","ENSSSCG00000018027"
"601","ENSSSCG00000018039"
"602","ENSSSCG00000019730"
"603","ENSSSCG00000020859"
"604","ENSSSCG00000021173"
"605","ENSSSCG00000021490"
"606","ENSSSCG00000021588"
"607","ENSSSCG00000021791"
"608","ENSSSCG00000021873"
"609","ENSSSCG00000021966"
"610","ENSSSCG00000022126"
"611","ENSSSCG00000022312"
"612","ENSSSCG00000022506"
"613","ENSSSCG00000023279"
"614","ENSSSCG00000023887"
"615","ENSSSCG00000023934"
"616","ENSSSCG00000024000"
"617","ENSSSCG00000024635"
"618","ENSSSCG00000025034"
"619","ENSSSCG00000025160"
"620","ENSSSCG00000025408"
"621","ENSSSCG00000025460"
"622","ENSSSCG00000025741"
"623","ENSSSCG00000026710"
"624","ENSSSCG00000027072"
"625","ENSSSCG00000027190"
"626","ENSSSCG00000027454"
"627","ENSSSCG00000028327"
"628","ENSSSCG00000028359"
"629","ENSSSCG00000028373"
"630","ENSSSCG00000028878"
"631","ENSSSCG00000029371"
"632","ENSSSCG00000029413"
"633","ENSSSCG00000029849"
"634","ENSSSCG00000030513"
"635","ENSSSCG00000030585"
"636","ENSSSCG00000030709"
"637","ENSSSCG00000031201"
"638","ENSSSCG00000031608"
"639","ENSSSCG00000032240"
"640","ENSSSCG00000032334"
"641","ENSSSCG00000032367"
"642","ENSSSCG00000032417"
"643","ENSSSCG00000032849"
"644","ENSSSCG00000033272"
"645","ENSSSCG00000033377"
"646","ENSSSCG00000033500"
"647","ENSSSCG00000033707"
"648","ENSSSCG00000033768"
"649","ENSSSCG00000033811"
"650","ENSSSCG00000033892"
"651","ENSSSCG00000033941"
"652","ENSSSCG00000034266"
"653","ENSSSCG00000034521"
"654","ENSSSCG00000034645"
"655","ENSSSCG00000034701"
"656","ENSSSCG00000035186"
"657","ENSSSCG00000035218"
"658","ENSSSCG00000035417"
"659","ENSSSCG00000035431"
"660","ENSSSCG00000035733"
"661","ENSSSCG00000035778"
"662","ENSSSCG00000035940"
"663","ENSSSCG00000036008"
"664","ENSSSCG00000036098"
"665","ENSSSCG00000036544"
"666","ENSSSCG00000036632"
"667","ENSSSCG00000036883"
"668","ENSSSCG00000036933"
"669","ENSSSCG00000037274"
"670","ENSSSCG00000037452"
"671","ENSSSCG00000037459"
"672","ENSSSCG00000037551"
"673","ENSSSCG00000038184"
"674","ENSSSCG00000038597"
"675","ENSSSCG00000038623"
"676","ENSSSCG00000038917"
"677","ENSSSCG00000039052"
"678","ENSSSCG00000039186"
"679","ENSSSCG00000039241"
"680","ENSSSCG00000039243"
"681","ENSSSCG00000039424"
"682","ENSSSCG00000039468"
"683","ENSSSCG00000039673"
"684","ENSSSCG00000039677"
"685","ENSSSCG00000039767"
"686","ENSSSCG00000039909"
"687","ENSSSCG00000039946"
"688","ENSSSCG00000040145"
"689","ENSSSCG00000040629"
"690","ENSSSCG00000040854"
"691","ENSSSCG00000040961"
"692","ENSSSCG00000041612"
"693","ENSSSCG00000042464"
"694","ENSSSCG00000042541"
"695","ENSSSCG00000043029"
"696","ENSSSCG00000043307"
"697","ENSSSCG00000043781"
"698","ENSSSCG00000046413"
"699","ENSSSCG00000046489"
"700","ENSSSCG00000046603"
"701","ENSSSCG00000046656"
"702","ENSSSCG00000047079"
"703","ENSSSCG00000047483"
"704","ENSSSCG00000047813"
"705","ENSSSCG00000048693"
"706","ENSSSCG00000049464"
"707","ENSSSCG00000049995"
"708","ENSSSCG00000050352"
"709","ENSSSCG00000050434"
"710","ENSSSCG00000050523"
"711","ENSSSCG00000050768"
"712","ENSSSCG00000000234"
"713","ENSSSCG00000000691"
"714","ENSSSCG00000002383"
"715","ENSSSCG00000002715"
"716","ENSSSCG00000003112"
"717","ENSSSCG00000003498"
"718","ENSSSCG00000003729"
"719","ENSSSCG00000003733"
"720","ENSSSCG00000004012"
"721","ENSSSCG00000004254"
"722","ENSSSCG00000004473"
"723","ENSSSCG00000004598"
"724","ENSSSCG00000005135"
"725","ENSSSCG00000005286"
"726","ENSSSCG00000005503"
"727","ENSSSCG00000006359"
"728","ENSSSCG00000006372"
"729","ENSSSCG00000007200"
"730","ENSSSCG00000007231"
"731","ENSSSCG00000007669"
"732","ENSSSCG00000008192"
"733","ENSSSCG00000008200"
"734","ENSSSCG00000009542"
"735","ENSSSCG00000009998"
"736","ENSSSCG00000010084"
"737","ENSSSCG00000010132"
"738","ENSSSCG00000010726"
"739","ENSSSCG00000010757"
"740","ENSSSCG00000010872"
"741","ENSSSCG00000011168"
"742","ENSSSCG00000011767"
"743","ENSSSCG00000013145"
"744","ENSSSCG00000015010"
"745","ENSSSCG00000015016"
"746","ENSSSCG00000015897"
"747","ENSSSCG00000016043"
"748","ENSSSCG00000016287"
"749","ENSSSCG00000016288"
"750","ENSSSCG00000016370"
"751","ENSSSCG00000016708"
"752","ENSSSCG00000016918"
"753","ENSSSCG00000017178"
"754","ENSSSCG00000017230"
"755","ENSSSCG00000017950"
"756","ENSSSCG00000022413"
"757","ENSSSCG00000022429"
"758","ENSSSCG00000022900"
"759","ENSSSCG00000022975"
"760","ENSSSCG00000024403"
"761","ENSSSCG00000025582"
"762","ENSSSCG00000028606"
"763","ENSSSCG00000029070"
"764","ENSSSCG00000029781"
"765","ENSSSCG00000031649"
"766","ENSSSCG00000032094"
"767","ENSSSCG00000034227"
"768","ENSSSCG00000034510"
"769","ENSSSCG00000035281"
"770","ENSSSCG00000035603"
"771","ENSSSCG00000036135"
"772","ENSSSCG00000036381"
"773","ENSSSCG00000037376"
"774","ENSSSCG00000038028"
"775","ENSSSCG00000039166"
"776","ENSSSCG00000039318"
"777","ENSSSCG00000039978"
"778","ENSSSCG00000040257"
"779","ENSSSCG00000042223"
"780","ENSSSCG00000044466"
"781","ENSSSCG00000046700"
"782","ENSSSCG00000048101"
"783","ENSSSCG00000000046"
"784","ENSSSCG00000000206"
"785","ENSSSCG00000000207"
"786","ENSSSCG00000000236"
"787","ENSSSCG00000000241"
"788","ENSSSCG00000000248"
"789","ENSSSCG00000000249"
"790","ENSSSCG00000000250"
"791","ENSSSCG00000000252"
"792","ENSSSCG00000000359"
"793","ENSSSCG00000000577"
"794","ENSSSCG00000000679"
"795","ENSSSCG00000000704"
"796","ENSSSCG00000000706"
"797","ENSSSCG00000000807"
"798","ENSSSCG00000000906"
"799","ENSSSCG00000000937"
"800","ENSSSCG00000001098"
"801","ENSSSCG00000001479"
"802","ENSSSCG00000001487"
"803","ENSSSCG00000001616"
"804","ENSSSCG00000001726"
"805","ENSSSCG00000001760"
"806","ENSSSCG00000001806"
"807","ENSSSCG00000001848"
"808","ENSSSCG00000001906"
"809","ENSSSCG00000001914"
"810","ENSSSCG00000002014"
"811","ENSSSCG00000002039"
"812","ENSSSCG00000002648"
"813","ENSSSCG00000002720"
"814","ENSSSCG00000002803"
"815","ENSSSCG00000002806"
"816","ENSSSCG00000002882"
"817","ENSSSCG00000002910"
"818","ENSSSCG00000002929"
"819","ENSSSCG00000002967"
"820","ENSSSCG00000002986"
"821","ENSSSCG00000003108"
"822","ENSSSCG00000003201"
"823","ENSSSCG00000003212"
"824","ENSSSCG00000003225"
"825","ENSSSCG00000003333"
"826","ENSSSCG00000003368"
"827","ENSSSCG00000003386"
"828","ENSSSCG00000003482"
"829","ENSSSCG00000003566"
"830","ENSSSCG00000003798"
"831","ENSSSCG00000003812"
"832","ENSSSCG00000004573"
"833","ENSSSCG00000004760"
"834","ENSSSCG00000004781"
"835","ENSSSCG00000005369"
"836","ENSSSCG00000005518"
"837","ENSSSCG00000005588"
"838","ENSSSCG00000005625"
"839","ENSSSCG00000006185"
"840","ENSSSCG00000006399"
"841","ENSSSCG00000006525"
"842","ENSSSCG00000006579"
"843","ENSSSCG00000006643"
"844","ENSSSCG00000006890"
"845","ENSSSCG00000006893"
"846","ENSSSCG00000007305"
"847","ENSSSCG00000007424"
"848","ENSSSCG00000007501"
"849","ENSSSCG00000007508"
"850","ENSSSCG00000007515"
"851","ENSSSCG00000007665"
"852","ENSSSCG00000007774"
"853","ENSSSCG00000007805"
"854","ENSSSCG00000007968"
"855","ENSSSCG00000007975"
"856","ENSSSCG00000007989"
"857","ENSSSCG00000008004"
"858","ENSSSCG00000008013"
"859","ENSSSCG00000008014"
"860","ENSSSCG00000008021"
"861","ENSSSCG00000008162"
"862","ENSSSCG00000008574"
"863","ENSSSCG00000008613"
"864","ENSSSCG00000008682"
"865","ENSSSCG00000008714"
"866","ENSSSCG00000008804"
"867","ENSSSCG00000008898"
"868","ENSSSCG00000008976"
"869","ENSSSCG00000009209"
"870","ENSSSCG00000009385"
"871","ENSSSCG00000009485"
"872","ENSSSCG00000009558"
"873","ENSSSCG00000009561"
"874","ENSSSCG00000009626"
"875","ENSSSCG00000009667"
"876","ENSSSCG00000009676"
"877","ENSSSCG00000009754"
"878","ENSSSCG00000010077"
"879","ENSSSCG00000010102"
"880","ENSSSCG00000010165"
"881","ENSSSCG00000010317"
"882","ENSSSCG00000010341"
"883","ENSSSCG00000010381"
"884","ENSSSCG00000010447"
"885","ENSSSCG00000010506"
"886","ENSSSCG00000010581"
"887","ENSSSCG00000010665"
"888","ENSSSCG00000010762"
"889","ENSSSCG00000011205"
"890","ENSSSCG00000011387"
"891","ENSSSCG00000011640"
"892","ENSSSCG00000011689"
"893","ENSSSCG00000011693"
"894","ENSSSCG00000011918"
"895","ENSSSCG00000011940"
"896","ENSSSCG00000011973"
"897","ENSSSCG00000012842"
"898","ENSSSCG00000012909"
"899","ENSSSCG00000012934"
"900","ENSSSCG00000012993"
"901","ENSSSCG00000013042"
"902","ENSSSCG00000013049"
"903","ENSSSCG00000013300"
"904","ENSSSCG00000013350"
"905","ENSSSCG00000013375"
"906","ENSSSCG00000013444"
"907","ENSSSCG00000013604"
"908","ENSSSCG00000013650"
"909","ENSSSCG00000013721"
"910","ENSSSCG00000013767"
"911","ENSSSCG00000013897"
"912","ENSSSCG00000014039"
"913","ENSSSCG00000014066"
"914","ENSSSCG00000014110"
"915","ENSSSCG00000014274"
"916","ENSSSCG00000014287"
"917","ENSSSCG00000014426"
"918","ENSSSCG00000014448"
"919","ENSSSCG00000014818"
"920","ENSSSCG00000014827"
"921","ENSSSCG00000014861"
"922","ENSSSCG00000014875"
"923","ENSSSCG00000015039"
"924","ENSSSCG00000015084"
"925","ENSSSCG00000015090"
"926","ENSSSCG00000015091"
"927","ENSSSCG00000015126"
"928","ENSSSCG00000015241"
"929","ENSSSCG00000015299"
"930","ENSSSCG00000015328"
"931","ENSSSCG00000015371"
"932","ENSSSCG00000015747"
"933","ENSSSCG00000015801"
"934","ENSSSCG00000015821"
"935","ENSSSCG00000015923"
"936","ENSSSCG00000016157"
"937","ENSSSCG00000016201"
"938","ENSSSCG00000016263"
"939","ENSSSCG00000016285"
"940","ENSSSCG00000016331"
"941","ENSSSCG00000016400"
"942","ENSSSCG00000016443"
"943","ENSSSCG00000016450"
"944","ENSSSCG00000016504"
"945","ENSSSCG00000016659"
"946","ENSSSCG00000016671"
"947","ENSSSCG00000016728"
"948","ENSSSCG00000016733"
"949","ENSSSCG00000016742"
"950","ENSSSCG00000016746"
"951","ENSSSCG00000016751"
"952","ENSSSCG00000016831"
"953","ENSSSCG00000016923"
"954","ENSSSCG00000017069"
"955","ENSSSCG00000017120"
"956","ENSSSCG00000017135"
"957","ENSSSCG00000017156"
"958","ENSSSCG00000017163"
"959","ENSSSCG00000017340"
"960","ENSSSCG00000017433"
"961","ENSSSCG00000017458"
"962","ENSSSCG00000017470"
"963","ENSSSCG00000017490"
"964","ENSSSCG00000017734"
"965","ENSSSCG00000017737"
"966","ENSSSCG00000017790"
"967","ENSSSCG00000017980"
"968","ENSSSCG00000018050"
"969","ENSSSCG00000018524"
"970","ENSSSCG00000020173"
"971","ENSSSCG00000020780"
"972","ENSSSCG00000021026"
"973","ENSSSCG00000021374"
"974","ENSSSCG00000021696"
"975","ENSSSCG00000021745"
"976","ENSSSCG00000021755"
"977","ENSSSCG00000021764"
"978","ENSSSCG00000022035"
"979","ENSSSCG00000022258"
"980","ENSSSCG00000022395"
"981","ENSSSCG00000022492"
"982","ENSSSCG00000022614"
"983","ENSSSCG00000022657"
"984","ENSSSCG00000022671"
"985","ENSSSCG00000022675"
"986","ENSSSCG00000022891"
"987","ENSSSCG00000023018"
"988","ENSSSCG00000023243"
"989","ENSSSCG00000023272"
"990","ENSSSCG00000023280"
"991","ENSSSCG00000023318"
"992","ENSSSCG00000023374"
"993","ENSSSCG00000023550"
"994","ENSSSCG00000023920"
"995","ENSSSCG00000024009"
"996","ENSSSCG00000024058"
"997","ENSSSCG00000024067"
"998","ENSSSCG00000024092"
"999","ENSSSCG00000024158"
"1000","ENSSSCG00000024396"
"1001","ENSSSCG00000024424"
"1002","ENSSSCG00000024488"
"1003","ENSSSCG00000024669"
"1004","ENSSSCG00000024685"
"1005","ENSSSCG00000024743"
"1006","ENSSSCG00000024759"
"1007","ENSSSCG00000024892"
"1008","ENSSSCG00000025020"
"1009","ENSSSCG00000025052"
"1010","ENSSSCG00000025116"
"1011","ENSSSCG00000025128"
"1012","ENSSSCG00000025534"
"1013","ENSSSCG00000025647"
"1014","ENSSSCG00000025793"
"1015","ENSSSCG00000025858"
"1016","ENSSSCG00000026067"
"1017","ENSSSCG00000026345"
"1018","ENSSSCG00000026425"
"1019","ENSSSCG00000026517"
"1020","ENSSSCG00000026597"
"1021","ENSSSCG00000026983"
"1022","ENSSSCG00000026985"
"1023","ENSSSCG00000027176"
"1024","ENSSSCG00000027280"
"1025","ENSSSCG00000027322"
"1026","ENSSSCG00000027801"
"1027","ENSSSCG00000027991"
"1028","ENSSSCG00000028115"
"1029","ENSSSCG00000028157"
"1030","ENSSSCG00000028201"
"1031","ENSSSCG00000028334"
"1032","ENSSSCG00000028661"
"1033","ENSSSCG00000028768"
"1034","ENSSSCG00000029034"
"1035","ENSSSCG00000029130"
"1036","ENSSSCG00000029239"
"1037","ENSSSCG00000029334"
"1038","ENSSSCG00000029503"
"1039","ENSSSCG00000029744"
"1040","ENSSSCG00000029960"
"1041","ENSSSCG00000030371"
"1042","ENSSSCG00000030561"
"1043","ENSSSCG00000030903"
"1044","ENSSSCG00000031031"
"1045","ENSSSCG00000031324"
"1046","ENSSSCG00000031345"
"1047","ENSSSCG00000031865"
"1048","ENSSSCG00000032115"
"1049","ENSSSCG00000032299"
"1050","ENSSSCG00000032407"
"1051","ENSSSCG00000032436"
"1052","ENSSSCG00000032591"
"1053","ENSSSCG00000032643"
"1054","ENSSSCG00000032662"
"1055","ENSSSCG00000032721"
"1056","ENSSSCG00000032731"
"1057","ENSSSCG00000033178"
"1058","ENSSSCG00000033193"
"1059","ENSSSCG00000033229"
"1060","ENSSSCG00000033260"
"1061","ENSSSCG00000033375"
"1062","ENSSSCG00000033590"
"1063","ENSSSCG00000033702"
"1064","ENSSSCG00000033740"
"1065","ENSSSCG00000033880"
"1066","ENSSSCG00000034040"
"1067","ENSSSCG00000034154"
"1068","ENSSSCG00000034211"
"1069","ENSSSCG00000034356"
"1070","ENSSSCG00000034473"
"1071","ENSSSCG00000034695"
"1072","ENSSSCG00000034773"
"1073","ENSSSCG00000034989"
"1074","ENSSSCG00000035083"
"1075","ENSSSCG00000035253"
"1076","ENSSSCG00000035445"
"1077","ENSSSCG00000035511"
"1078","ENSSSCG00000035634"
"1079","ENSSSCG00000035729"
"1080","ENSSSCG00000035785"
"1081","ENSSSCG00000035993"
"1082","ENSSSCG00000036117"
"1083","ENSSSCG00000036244"
"1084","ENSSSCG00000036352"
"1085","ENSSSCG00000036403"
"1086","ENSSSCG00000036443"
"1087","ENSSSCG00000036487"
"1088","ENSSSCG00000036503"
"1089","ENSSSCG00000036504"
"1090","ENSSSCG00000036566"
"1091","ENSSSCG00000036575"
"1092","ENSSSCG00000036731"
"1093","ENSSSCG00000036844"
"1094","ENSSSCG00000036987"
"1095","ENSSSCG00000037039"
"1096","ENSSSCG00000037140"
"1097","ENSSSCG00000037154"
"1098","ENSSSCG00000037238"
"1099","ENSSSCG00000037508"
"1100","ENSSSCG00000037562"
"1101","ENSSSCG00000037566"
"1102","ENSSSCG00000037684"
"1103","ENSSSCG00000037789"
"1104","ENSSSCG00000037806"
"1105","ENSSSCG00000037847"
"1106","ENSSSCG00000038067"
"1107","ENSSSCG00000038221"
"1108","ENSSSCG00000038338"
"1109","ENSSSCG00000038523"
"1110","ENSSSCG00000038580"
"1111","ENSSSCG00000038600"
"1112","ENSSSCG00000038688"
"1113","ENSSSCG00000038991"
"1114","ENSSSCG00000039013"
"1115","ENSSSCG00000039074"
"1116","ENSSSCG00000039194"
"1117","ENSSSCG00000039272"
"1118","ENSSSCG00000039710"
"1119","ENSSSCG00000039784"
"1120","ENSSSCG00000039836"
"1121","ENSSSCG00000040017"
"1122","ENSSSCG00000040035"
"1123","ENSSSCG00000040095"
"1124","ENSSSCG00000040464"
"1125","ENSSSCG00000040643"
"1126","ENSSSCG00000040663"
"1127","ENSSSCG00000040689"
"1128","ENSSSCG00000040714"
"1129","ENSSSCG00000040779"
"1130","ENSSSCG00000040850"
"1131","ENSSSCG00000040860"
"1132","ENSSSCG00000041501"
"1133","ENSSSCG00000041928"
"1134","ENSSSCG00000041935"
"1135","ENSSSCG00000042290"
"1136","ENSSSCG00000043188"
"1137","ENSSSCG00000043356"
"1138","ENSSSCG00000044541"
"1139","ENSSSCG00000044986"
"1140","ENSSSCG00000045128"
"1141","ENSSSCG00000045347"
"1142","ENSSSCG00000045348"
"1143","ENSSSCG00000045477"
"1144","ENSSSCG00000045482"
"1145","ENSSSCG00000045703"
"1146","ENSSSCG00000046005"
"1147","ENSSSCG00000046193"
"1148","ENSSSCG00000046681"
"1149","ENSSSCG00000046848"
"1150","ENSSSCG00000046854"
"1151","ENSSSCG00000047131"
"1152","ENSSSCG00000047421"
"1153","ENSSSCG00000047491"
"1154","ENSSSCG00000047570"
"1155","ENSSSCG00000047650"
"1156","ENSSSCG00000047770"
"1157","ENSSSCG00000048017"
"1158","ENSSSCG00000048217"
"1159","ENSSSCG00000048449"
"1160","ENSSSCG00000048647"
"1161","ENSSSCG00000049261"
"1162","ENSSSCG00000049300"
"1163","ENSSSCG00000049305"
"1164","ENSSSCG00000049501"
"1165","ENSSSCG00000049642"
"1166","ENSSSCG00000049737"
"1167","ENSSSCG00000050036"
"1168","ENSSSCG00000050056"
"1169","ENSSSCG00000050110"
"1170","ENSSSCG00000050137"
"1171","ENSSSCG00000050178"
"1172","ENSSSCG00000050209"
"1173","ENSSSCG00000050293"
"1174","ENSSSCG00000050351"
"1175","ENSSSCG00000050385"
"1176","ENSSSCG00000050689"
"1177","ENSSSCG00000051016"
"1178","ENSSSCG00000051252"
"1179","ENSSSCG00000051301"
"1180","ENSSSCG00000051635"
"1181","ENSSSCG00000000247"
"1182","ENSSSCG00000000433"
"1183","ENSSSCG00000000716"
"1184","ENSSSCG00000001414"
"1185","ENSSSCG00000001475"
"1186","ENSSSCG00000001513"
"1187","ENSSSCG00000001543"
"1188","ENSSSCG00000002020"
"1189","ENSSSCG00000002754"
"1190","ENSSSCG00000003139"
"1191","ENSSSCG00000003954"
"1192","ENSSSCG00000003965"
"1193","ENSSSCG00000004017"
"1194","ENSSSCG00000004487"
"1195","ENSSSCG00000004625"
"1196","ENSSSCG00000004717"
"1197","ENSSSCG00000004897"
"1198","ENSSSCG00000005169"
"1199","ENSSSCG00000005485"
"1200","ENSSSCG00000005501"
"1201","ENSSSCG00000005713"
"1202","ENSSSCG00000005767"
"1203","ENSSSCG00000005946"
"1204","ENSSSCG00000006335"
"1205","ENSSSCG00000006506"
"1206","ENSSSCG00000006510"
"1207","ENSSSCG00000006720"
"1208","ENSSSCG00000006866"
"1209","ENSSSCG00000007369"
"1210","ENSSSCG00000007454"
"1211","ENSSSCG00000007985"
"1212","ENSSSCG00000008266"
"1213","ENSSSCG00000008909"
"1214","ENSSSCG00000009351"
"1215","ENSSSCG00000009745"
"1216","ENSSSCG00000009870"
"1217","ENSSSCG00000010006"
"1218","ENSSSCG00000010494"
"1219","ENSSSCG00000010650"
"1220","ENSSSCG00000011141"
"1221","ENSSSCG00000011360"
"1222","ENSSSCG00000011893"
"1223","ENSSSCG00000013227"
"1224","ENSSSCG00000013463"
"1225","ENSSSCG00000013883"
"1226","ENSSSCG00000014099"
"1227","ENSSSCG00000014369"
"1228","ENSSSCG00000014913"
"1229","ENSSSCG00000015108"
"1230","ENSSSCG00000015206"
"1231","ENSSSCG00000015868"
"1232","ENSSSCG00000016153"
"1233","ENSSSCG00000016245"
"1234","ENSSSCG00000017078"
"1235","ENSSSCG00000017094"
"1236","ENSSSCG00000017261"
"1237","ENSSSCG00000017359"
"1238","ENSSSCG00000017762"
"1239","ENSSSCG00000017793"
"1240","ENSSSCG00000017818"
"1241","ENSSSCG00000018029"
"1242","ENSSSCG00000018034"
"1243","ENSSSCG00000023604"
"1244","ENSSSCG00000024663"
"1245","ENSSSCG00000024784"
"1246","ENSSSCG00000025187"
"1247","ENSSSCG00000026044"
"1248","ENSSSCG00000026233"
"1249","ENSSSCG00000029035"
"1250","ENSSSCG00000029073"
"1251","ENSSSCG00000029865"
"1252","ENSSSCG00000030303"
"1253","ENSSSCG00000030565"
"1254","ENSSSCG00000031503"
"1255","ENSSSCG00000031664"
"1256","ENSSSCG00000031764"
"1257","ENSSSCG00000032116"
"1258","ENSSSCG00000032343"
"1259","ENSSSCG00000032434"
"1260","ENSSSCG00000033583"
"1261","ENSSSCG00000033946"
"1262","ENSSSCG00000034864"
"1263","ENSSSCG00000035387"
"1264","ENSSSCG00000035539"
"1265","ENSSSCG00000036248"
"1266","ENSSSCG00000036411"
"1267","ENSSSCG00000036855"
"1268","ENSSSCG00000037405"
"1269","ENSSSCG00000038255"
"1270","ENSSSCG00000038792"
"1271","ENSSSCG00000038842"
"1272","ENSSSCG00000039340"
"1273","ENSSSCG00000039797"
"1274","ENSSSCG00000039930"
"1275","ENSSSCG00000040838"
"1276","ENSSSCG00000040956"
"1277","ENSSSCG00000042807"
"1278","ENSSSCG00000043121"
"1279","ENSSSCG00000043418"
"1280","ENSSSCG00000046312"
"1281","ENSSSCG00000047928"
"1282","ENSSSCG00000048237"
"1283","ENSSSCG00000049630"
"1284","ENSSSCG00000049805"
"1285","ENSSSCG00000050060"
"1286","ENSSSCG00000000037"
"1287","ENSSSCG00000000940"
"1288","ENSSSCG00000000951"
"1289","ENSSSCG00000001436"
"1290","ENSSSCG00000002375"
"1291","ENSSSCG00000002963"
"1292","ENSSSCG00000003015"
"1293","ENSSSCG00000003464"
"1294","ENSSSCG00000003481"
"1295","ENSSSCG00000003670"
"1296","ENSSSCG00000004150"
"1297","ENSSSCG00000005441"
"1298","ENSSSCG00000005576"
"1299","ENSSSCG00000005627"
"1300","ENSSSCG00000006024"
"1301","ENSSSCG00000009007"
"1302","ENSSSCG00000009942"
"1303","ENSSSCG00000009979"
"1304","ENSSSCG00000010190"
"1305","ENSSSCG00000010259"
"1306","ENSSSCG00000010541"
"1307","ENSSSCG00000011560"
"1308","ENSSSCG00000011692"
"1309","ENSSSCG00000011904"
"1310","ENSSSCG00000012065"
"1311","ENSSSCG00000013088"
"1312","ENSSSCG00000013833"
"1313","ENSSSCG00000015320"
"1314","ENSSSCG00000016128"
"1315","ENSSSCG00000016884"
"1316","ENSSSCG00000017018"
"1317","ENSSSCG00000017696"
"1318","ENSSSCG00000017908"
"1319","ENSSSCG00000017962"
"1320","ENSSSCG00000021573"
"1321","ENSSSCG00000021968"
"1322","ENSSSCG00000022951"
"1323","ENSSSCG00000023187"
"1324","ENSSSCG00000024911"
"1325","ENSSSCG00000029186"
"1326","ENSSSCG00000030309"
"1327","ENSSSCG00000031228"
"1328","ENSSSCG00000031666"
"1329","ENSSSCG00000032574"
"1330","ENSSSCG00000033383"
"1331","ENSSSCG00000034449"
"1332","ENSSSCG00000035988"
"1333","ENSSSCG00000036705"
"1334","ENSSSCG00000037705"
"1335","ENSSSCG00000037918"
"1336","ENSSSCG00000039368"
"1337","ENSSSCG00000039582"
"1338","ENSSSCG00000040513"
"1339","ENSSSCG00000040559"
"1340","ENSSSCG00000040725"
"1341","ENSSSCG00000041002"
"1342","ENSSSCG00000042767"
"1343","ENSSSCG00000047048"
"1344","ENSSSCG00000049720"
"1345","ENSSSCG00000049915"
"1346","ENSSSCG00000050456"
"1347","ENSSSCG00000000253"
"1348","ENSSSCG00000000289"
"1349","ENSSSCG00000000361"
"1350","ENSSSCG00000000483"
"1351","ENSSSCG00000000496"
"1352","ENSSSCG00000000500"
"1353","ENSSSCG00000000515"
"1354","ENSSSCG00000000523"
"1355","ENSSSCG00000000982"
"1356","ENSSSCG00000001097"
"1357","ENSSSCG00000001421"
"1358","ENSSSCG00000001427"
"1359","ENSSSCG00000001440"
"1360","ENSSSCG00000001559"
"1361","ENSSSCG00000001664"
"1362","ENSSSCG00000001844"
"1363","ENSSSCG00000001939"
"1364","ENSSSCG00000002138"
"1365","ENSSSCG00000002389"
"1366","ENSSSCG00000002501"
"1367","ENSSSCG00000002504"
"1368","ENSSSCG00000002628"
"1369","ENSSSCG00000002907"
"1370","ENSSSCG00000002927"
"1371","ENSSSCG00000003069"
"1372","ENSSSCG00000003078"
"1373","ENSSSCG00000003096"
"1374","ENSSSCG00000003133"
"1375","ENSSSCG00000003161"
"1376","ENSSSCG00000003191"
"1377","ENSSSCG00000003233"
"1378","ENSSSCG00000003235"
"1379","ENSSSCG00000003251"
"1380","ENSSSCG00000003332"
"1381","ENSSSCG00000003578"
"1382","ENSSSCG00000003619"
"1383","ENSSSCG00000003622"
"1384","ENSSSCG00000003847"
"1385","ENSSSCG00000003951"
"1386","ENSSSCG00000003970"
"1387","ENSSSCG00000004016"
"1388","ENSSSCG00000004308"
"1389","ENSSSCG00000004388"
"1390","ENSSSCG00000004422"
"1391","ENSSSCG00000004558"
"1392","ENSSSCG00000004607"
"1393","ENSSSCG00000004896"
"1394","ENSSSCG00000005095"
"1395","ENSSSCG00000005166"
"1396","ENSSSCG00000005288"
"1397","ENSSSCG00000005593"
"1398","ENSSSCG00000005740"
"1399","ENSSSCG00000005894"
"1400","ENSSSCG00000005986"
"1401","ENSSSCG00000006308"
"1402","ENSSSCG00000006462"
"1403","ENSSSCG00000006625"
"1404","ENSSSCG00000006636"
"1405","ENSSSCG00000006737"
"1406","ENSSSCG00000006876"
"1407","ENSSSCG00000006935"
"1408","ENSSSCG00000007248"
"1409","ENSSSCG00000007385"
"1410","ENSSSCG00000007507"
"1411","ENSSSCG00000007511"
"1412","ENSSSCG00000007839"
"1413","ENSSSCG00000008029"
"1414","ENSSSCG00000008339"
"1415","ENSSSCG00000008546"
"1416","ENSSSCG00000008700"
"1417","ENSSSCG00000008842"
"1418","ENSSSCG00000008973"
"1419","ENSSSCG00000008984"
"1420","ENSSSCG00000009281"
"1421","ENSSSCG00000009372"
"1422","ENSSSCG00000009407"
"1423","ENSSSCG00000009856"
"1424","ENSSSCG00000009873"
"1425","ENSSSCG00000010010"
"1426","ENSSSCG00000010144"
"1427","ENSSSCG00000010375"
"1428","ENSSSCG00000010929"
"1429","ENSSSCG00000011004"
"1430","ENSSSCG00000011160"
"1431","ENSSSCG00000011246"
"1432","ENSSSCG00000011260"
"1433","ENSSSCG00000011410"
"1434","ENSSSCG00000011768"
"1435","ENSSSCG00000012087"
"1436","ENSSSCG00000012906"
"1437","ENSSSCG00000012950"
"1438","ENSSSCG00000012966"
"1439","ENSSSCG00000013390"
"1440","ENSSSCG00000013586"
"1441","ENSSSCG00000013747"
"1442","ENSSSCG00000013983"
"1443","ENSSSCG00000014221"
"1444","ENSSSCG00000014394"
"1445","ENSSSCG00000014876"
"1446","ENSSSCG00000015079"
"1447","ENSSSCG00000015200"
"1448","ENSSSCG00000015395"
"1449","ENSSSCG00000015494"
"1450","ENSSSCG00000015556"
"1451","ENSSSCG00000015618"
"1452","ENSSSCG00000015823"
"1453","ENSSSCG00000015985"
"1454","ENSSSCG00000016286"
"1455","ENSSSCG00000016295"
"1456","ENSSSCG00000016533"
"1457","ENSSSCG00000016573"
"1458","ENSSSCG00000016577"
"1459","ENSSSCG00000016635"
"1460","ENSSSCG00000016657"
"1461","ENSSSCG00000016668"
"1462","ENSSSCG00000016848"
"1463","ENSSSCG00000016869"
"1464","ENSSSCG00000017003"
"1465","ENSSSCG00000017220"
"1466","ENSSSCG00000017282"
"1467","ENSSSCG00000017313"
"1468","ENSSSCG00000017336"
"1469","ENSSSCG00000017358"
"1470","ENSSSCG00000017510"
"1471","ENSSSCG00000017534"
"1472","ENSSSCG00000017549"
"1473","ENSSSCG00000017636"
"1474","ENSSSCG00000017802"
"1475","ENSSSCG00000017862"
"1476","ENSSSCG00000018197"
"1477","ENSSSCG00000018462"
"1478","ENSSSCG00000018735"
"1479","ENSSSCG00000019942"
"1480","ENSSSCG00000021067"
"1481","ENSSSCG00000021222"
"1482","ENSSSCG00000021284"
"1483","ENSSSCG00000021910"
"1484","ENSSSCG00000022009"
"1485","ENSSSCG00000022187"
"1486","ENSSSCG00000022222"
"1487","ENSSSCG00000022405"
"1488","ENSSSCG00000022554"
"1489","ENSSSCG00000022592"
"1490","ENSSSCG00000022980"
"1491","ENSSSCG00000023537"
"1492","ENSSSCG00000023607"
"1493","ENSSSCG00000024119"
"1494","ENSSSCG00000024129"
"1495","ENSSSCG00000024492"
"1496","ENSSSCG00000024556"
"1497","ENSSSCG00000024867"
"1498","ENSSSCG00000025254"
"1499","ENSSSCG00000025294"
"1500","ENSSSCG00000025503"
"1501","ENSSSCG00000025629"
"1502","ENSSSCG00000025830"
"1503","ENSSSCG00000027124"
"1504","ENSSSCG00000027183"
"1505","ENSSSCG00000027206"
"1506","ENSSSCG00000027404"
"1507","ENSSSCG00000027480"
"1508","ENSSSCG00000027486"
"1509","ENSSSCG00000027607"
"1510","ENSSSCG00000027770"
"1511","ENSSSCG00000027779"
"1512","ENSSSCG00000027874"
"1513","ENSSSCG00000027970"
"1514","ENSSSCG00000028218"
"1515","ENSSSCG00000028346"
"1516","ENSSSCG00000028553"
"1517","ENSSSCG00000028883"
"1518","ENSSSCG00000029291"
"1519","ENSSSCG00000029464"
"1520","ENSSSCG00000029652"
"1521","ENSSSCG00000029709"
"1522","ENSSSCG00000029854"
"1523","ENSSSCG00000029968"
"1524","ENSSSCG00000030102"
"1525","ENSSSCG00000031365"
"1526","ENSSSCG00000031374"
"1527","ENSSSCG00000031633"
"1528","ENSSSCG00000032165"
"1529","ENSSSCG00000032196"
"1530","ENSSSCG00000032257"
"1531","ENSSSCG00000032469"
"1532","ENSSSCG00000032686"
"1533","ENSSSCG00000032843"
"1534","ENSSSCG00000032967"
"1535","ENSSSCG00000033194"
"1536","ENSSSCG00000033249"
"1537","ENSSSCG00000033282"
"1538","ENSSSCG00000033325"
"1539","ENSSSCG00000033858"
"1540","ENSSSCG00000034260"
"1541","ENSSSCG00000034390"
"1542","ENSSSCG00000034689"
"1543","ENSSSCG00000035066"
"1544","ENSSSCG00000035297"
"1545","ENSSSCG00000035711"
"1546","ENSSSCG00000035829"
"1547","ENSSSCG00000035833"
"1548","ENSSSCG00000035837"
"1549","ENSSSCG00000036362"
"1550","ENSSSCG00000036441"
"1551","ENSSSCG00000036523"
"1552","ENSSSCG00000036573"
"1553","ENSSSCG00000036669"
"1554","ENSSSCG00000036691"
"1555","ENSSSCG00000036796"
"1556","ENSSSCG00000036948"
"1557","ENSSSCG00000036964"
"1558","ENSSSCG00000037077"
"1559","ENSSSCG00000037260"
"1560","ENSSSCG00000037319"
"1561","ENSSSCG00000037450"
"1562","ENSSSCG00000037530"
"1563","ENSSSCG00000037826"
"1564","ENSSSCG00000037835"
"1565","ENSSSCG00000037892"
"1566","ENSSSCG00000038188"
"1567","ENSSSCG00000038283"
"1568","ENSSSCG00000038351"
"1569","ENSSSCG00000038508"
"1570","ENSSSCG00000038530"
"1571","ENSSSCG00000038602"
"1572","ENSSSCG00000038660"
"1573","ENSSSCG00000038786"
"1574","ENSSSCG00000038967"
"1575","ENSSSCG00000038989"
"1576","ENSSSCG00000039261"
"1577","ENSSSCG00000039286"
"1578","ENSSSCG00000039654"
"1579","ENSSSCG00000040053"
"1580","ENSSSCG00000040074"
"1581","ENSSSCG00000040193"
"1582","ENSSSCG00000040278"
"1583","ENSSSCG00000040329"
"1584","ENSSSCG00000040554"
"1585","ENSSSCG00000040586"
"1586","ENSSSCG00000040824"
"1587","ENSSSCG00000041175"
"1588","ENSSSCG00000041264"
"1589","ENSSSCG00000041281"
"1590","ENSSSCG00000041523"
"1591","ENSSSCG00000041724"
"1592","ENSSSCG00000041881"
"1593","ENSSSCG00000042089"
"1594","ENSSSCG00000042166"
"1595","ENSSSCG00000042173"
"1596","ENSSSCG00000042582"
"1597","ENSSSCG00000043109"
"1598","ENSSSCG00000043117"
"1599","ENSSSCG00000043311"
"1600","ENSSSCG00000043337"
"1601","ENSSSCG00000043395"
"1602","ENSSSCG00000043410"
"1603","ENSSSCG00000043453"
"1604","ENSSSCG00000043963"
"1605","ENSSSCG00000043968"
"1606","ENSSSCG00000044004"
"1607","ENSSSCG00000044344"
"1608","ENSSSCG00000044490"
"1609","ENSSSCG00000044690"
"1610","ENSSSCG00000045283"
"1611","ENSSSCG00000045539"
"1612","ENSSSCG00000045678"
"1613","ENSSSCG00000045882"
"1614","ENSSSCG00000046229"
"1615","ENSSSCG00000046459"
"1616","ENSSSCG00000047244"
"1617","ENSSSCG00000047250"
"1618","ENSSSCG00000047275"
"1619","ENSSSCG00000047377"
"1620","ENSSSCG00000047974"
"1621","ENSSSCG00000048122"
"1622","ENSSSCG00000048244"
"1623","ENSSSCG00000048549"
"1624","ENSSSCG00000048584"
"1625","ENSSSCG00000048698"
"1626","ENSSSCG00000048855"
"1627","ENSSSCG00000050605"
"1628","ENSSSCG00000050627"
"1629","ENSSSCG00000050649"
"1630","ENSSSCG00000050673"
"1631","ENSSSCG00000051418"
"1632","ENSSSCG00000051588"
"1633","ENSSSCG00000051731"
"1634","ENSSSCG00000000571"
"1635","ENSSSCG00000000588"
"1636","ENSSSCG00000000614"
"1637","ENSSSCG00000000687"
"1638","ENSSSCG00000000695"
"1639","ENSSSCG00000000952"
"1640","ENSSSCG00000001021"
"1641","ENSSSCG00000001382"
"1642","ENSSSCG00000001656"
"1643","ENSSSCG00000001682"
"1644","ENSSSCG00000001700"
"1645","ENSSSCG00000001867"
"1646","ENSSSCG00000001918"
"1647","ENSSSCG00000002629"
"1648","ENSSSCG00000002664"
"1649","ENSSSCG00000003073"
"1650","ENSSSCG00000003142"
"1651","ENSSSCG00000003160"
"1652","ENSSSCG00000003370"
"1653","ENSSSCG00000003399"
"1654","ENSSSCG00000003439"
"1655","ENSSSCG00000003572"
"1656","ENSSSCG00000003606"
"1657","ENSSSCG00000003617"
"1658","ENSSSCG00000003705"
"1659","ENSSSCG00000003779"
"1660","ENSSSCG00000003852"
"1661","ENSSSCG00000004155"
"1662","ENSSSCG00000004242"
"1663","ENSSSCG00000005022"
"1664","ENSSSCG00000005457"
"1665","ENSSSCG00000006338"
"1666","ENSSSCG00000006527"
"1667","ENSSSCG00000007564"
"1668","ENSSSCG00000007682"
"1669","ENSSSCG00000007710"
"1670","ENSSSCG00000008185"
"1671","ENSSSCG00000008389"
"1672","ENSSSCG00000008482"
"1673","ENSSSCG00000008564"
"1674","ENSSSCG00000009045"
"1675","ENSSSCG00000009638"
"1676","ENSSSCG00000009699"
"1677","ENSSSCG00000009898"
"1678","ENSSSCG00000009945"
"1679","ENSSSCG00000010047"
"1680","ENSSSCG00000010232"
"1681","ENSSSCG00000010273"
"1682","ENSSSCG00000010821"
"1683","ENSSSCG00000011212"
"1684","ENSSSCG00000011443"
"1685","ENSSSCG00000011531"
"1686","ENSSSCG00000011550"
"1687","ENSSSCG00000011552"
"1688","ENSSSCG00000011557"
"1689","ENSSSCG00000011621"
"1690","ENSSSCG00000013118"
"1691","ENSSSCG00000013125"
"1692","ENSSSCG00000013243"
"1693","ENSSSCG00000013900"
"1694","ENSSSCG00000013916"
"1695","ENSSSCG00000013990"
"1696","ENSSSCG00000015175"
"1697","ENSSSCG00000015329"
"1698","ENSSSCG00000015368"
"1699","ENSSSCG00000015998"
"1700","ENSSSCG00000016035"
"1701","ENSSSCG00000016416"
"1702","ENSSSCG00000017010"
"1703","ENSSSCG00000017362"
"1704","ENSSSCG00000017366"
"1705","ENSSSCG00000017367"
"1706","ENSSSCG00000017438"
"1707","ENSSSCG00000017642"
"1708","ENSSSCG00000018044"
"1709","ENSSSCG00000021204"
"1710","ENSSSCG00000022177"
"1711","ENSSSCG00000022236"
"1712","ENSSSCG00000022351"
"1713","ENSSSCG00000022741"
"1714","ENSSSCG00000022760"
"1715","ENSSSCG00000022804"
"1716","ENSSSCG00000023393"
"1717","ENSSSCG00000023514"
"1718","ENSSSCG00000023522"
"1719","ENSSSCG00000023599"
"1720","ENSSSCG00000024259"
"1721","ENSSSCG00000024336"
"1722","ENSSSCG00000024389"
"1723","ENSSSCG00000025130"
"1724","ENSSSCG00000025393"
"1725","ENSSSCG00000025651"
"1726","ENSSSCG00000026422"
"1727","ENSSSCG00000027017"
"1728","ENSSSCG00000027667"
"1729","ENSSSCG00000027997"
"1730","ENSSSCG00000028466"
"1731","ENSSSCG00000028814"
"1732","ENSSSCG00000028974"
"1733","ENSSSCG00000029630"
"1734","ENSSSCG00000029761"
"1735","ENSSSCG00000030300"
"1736","ENSSSCG00000031634"
"1737","ENSSSCG00000031938"
"1738","ENSSSCG00000031948"
"1739","ENSSSCG00000032320"
"1740","ENSSSCG00000032798"
"1741","ENSSSCG00000033727"
"1742","ENSSSCG00000035082"
"1743","ENSSSCG00000035258"
"1744","ENSSSCG00000035479"
"1745","ENSSSCG00000035883"
"1746","ENSSSCG00000036291"
"1747","ENSSSCG00000036428"
"1748","ENSSSCG00000036555"
"1749","ENSSSCG00000037559"
"1750","ENSSSCG00000037697"
"1751","ENSSSCG00000037878"
"1752","ENSSSCG00000038733"
"1753","ENSSSCG00000038806"
"1754","ENSSSCG00000039119"
"1755","ENSSSCG00000039218"
"1756","ENSSSCG00000039370"
"1757","ENSSSCG00000039609"
"1758","ENSSSCG00000039702"
"1759","ENSSSCG00000040561"
"1760","ENSSSCG00000041289"
"1761","ENSSSCG00000043110"
"1762","ENSSSCG00000043991"
"1763","ENSSSCG00000044412"
"1764","ENSSSCG00000044899"
"1765","ENSSSCG00000046644"
"1766","ENSSSCG00000046834"
"1767","ENSSSCG00000048325"
"1768","ENSSSCG00000048831"
"1769","ENSSSCG00000049740"
"1770","ENSSSCG00000050094"
"1771","ENSSSCG00000050502"
"1772","ENSSSCG00000050531"
"1773","ENSSSCG00000000633"
"1774","ENSSSCG00000000708"
"1775","ENSSSCG00000003400"
"1776","ENSSSCG00000003807"
"1777","ENSSSCG00000004087"
"1778","ENSSSCG00000005177"
"1779","ENSSSCG00000005297"
"1780","ENSSSCG00000006321"
"1781","ENSSSCG00000006530"
"1782","ENSSSCG00000006666"
"1783","ENSSSCG00000007032"
"1784","ENSSSCG00000008054"
"1785","ENSSSCG00000008444"
"1786","ENSSSCG00000008549"
"1787","ENSSSCG00000008615"
"1788","ENSSSCG00000008816"
"1789","ENSSSCG00000009627"
"1790","ENSSSCG00000009668"
"1791","ENSSSCG00000009672"
"1792","ENSSSCG00000009988"
"1793","ENSSSCG00000010023"
"1794","ENSSSCG00000010332"
"1795","ENSSSCG00000010534"
"1796","ENSSSCG00000011064"
"1797","ENSSSCG00000011332"
"1798","ENSSSCG00000011601"
"1799","ENSSSCG00000011622"
"1800","ENSSSCG00000011810"
"1801","ENSSSCG00000011941"
"1802","ENSSSCG00000012857"
"1803","ENSSSCG00000012999"
"1804","ENSSSCG00000013004"
"1805","ENSSSCG00000013027"
"1806","ENSSSCG00000013031"
"1807","ENSSSCG00000013064"
"1808","ENSSSCG00000013778"
"1809","ENSSSCG00000015056"
"1810","ENSSSCG00000015795"
"1811","ENSSSCG00000015796"
"1812","ENSSSCG00000016695"
"1813","ENSSSCG00000016850"
"1814","ENSSSCG00000017289"
"1815","ENSSSCG00000023409"
"1816","ENSSSCG00000023434"
"1817","ENSSSCG00000023680"
"1818","ENSSSCG00000024174"
"1819","ENSSSCG00000025119"
"1820","ENSSSCG00000025589"
"1821","ENSSSCG00000028600"
"1822","ENSSSCG00000028997"
"1823","ENSSSCG00000030305"
"1824","ENSSSCG00000031321"
"1825","ENSSSCG00000032390"
"1826","ENSSSCG00000032763"
"1827","ENSSSCG00000033214"
"1828","ENSSSCG00000033544"
"1829","ENSSSCG00000033566"
"1830","ENSSSCG00000035102"
"1831","ENSSSCG00000035299"
"1832","ENSSSCG00000036086"
"1833","ENSSSCG00000036201"
"1834","ENSSSCG00000036307"
"1835","ENSSSCG00000036744"
"1836","ENSSSCG00000037131"
"1837","ENSSSCG00000037257"
"1838","ENSSSCG00000038694"
"1839","ENSSSCG00000039526"
"1840","ENSSSCG00000040097"
"1841","ENSSSCG00000041160"
"1842","ENSSSCG00000042468"
"1843","ENSSSCG00000043036"
"1844","ENSSSCG00000044902"
"1845","ENSSSCG00000047800"
"1846","ENSSSCG00000050380"
"1847","ENSSSCG00000050878"
"1848","ENSSSCG00000051033"
"1849","ENSSSCG00000000028"
"1850","ENSSSCG00000000082"
"1851","ENSSSCG00000000111"
"1852","ENSSSCG00000000131"
"1853","ENSSSCG00000000184"
"1854","ENSSSCG00000000257"
"1855","ENSSSCG00000000368"
"1856","ENSSSCG00000000435"
"1857","ENSSSCG00000000843"
"1858","ENSSSCG00000001247"
"1859","ENSSSCG00000001625"
"1860","ENSSSCG00000002786"
"1861","ENSSSCG00000002923"
"1862","ENSSSCG00000003077"
"1863","ENSSSCG00000003100"
"1864","ENSSSCG00000003102"
"1865","ENSSSCG00000003268"
"1866","ENSSSCG00000004334"
"1867","ENSSSCG00000004339"
"1868","ENSSSCG00000004414"
"1869","ENSSSCG00000004537"
"1870","ENSSSCG00000004698"
"1871","ENSSSCG00000004774"
"1872","ENSSSCG00000005183"
"1873","ENSSSCG00000005272"
"1874","ENSSSCG00000005273"
"1875","ENSSSCG00000005312"
"1876","ENSSSCG00000005608"
"1877","ENSSSCG00000005715"
"1878","ENSSSCG00000005910"
"1879","ENSSSCG00000005935"
"1880","ENSSSCG00000005965"
"1881","ENSSSCG00000006033"
"1882","ENSSSCG00000006245"
"1883","ENSSSCG00000006452"
"1884","ENSSSCG00000006667"
"1885","ENSSSCG00000006735"
"1886","ENSSSCG00000007157"
"1887","ENSSSCG00000007373"
"1888","ENSSSCG00000007470"
"1889","ENSSSCG00000007492"
"1890","ENSSSCG00000007549"
"1891","ENSSSCG00000007652"
"1892","ENSSSCG00000007780"
"1893","ENSSSCG00000007858"
"1894","ENSSSCG00000007955"
"1895","ENSSSCG00000007977"
"1896","ENSSSCG00000008287"
"1897","ENSSSCG00000008314"
"1898","ENSSSCG00000008550"
"1899","ENSSSCG00000008725"
"1900","ENSSSCG00000008952"
"1901","ENSSSCG00000009061"
"1902","ENSSSCG00000009166"
"1903","ENSSSCG00000009172"
"1904","ENSSSCG00000009501"
"1905","ENSSSCG00000009865"
"1906","ENSSSCG00000010254"
"1907","ENSSSCG00000010291"
"1908","ENSSSCG00000010298"
"1909","ENSSSCG00000010903"
"1910","ENSSSCG00000011695"
"1911","ENSSSCG00000012030"
"1912","ENSSSCG00000012075"
"1913","ENSSSCG00000012862"
"1914","ENSSSCG00000013017"
"1915","ENSSSCG00000013025"
"1916","ENSSSCG00000013052"
"1917","ENSSSCG00000013060"
"1918","ENSSSCG00000013782"
"1919","ENSSSCG00000014097"
"1920","ENSSSCG00000014326"
"1921","ENSSSCG00000014538"
"1922","ENSSSCG00000014569"
"1923","ENSSSCG00000014955"
"1924","ENSSSCG00000015476"
"1925","ENSSSCG00000015489"
"1926","ENSSSCG00000015569"
"1927","ENSSSCG00000015619"
"1928","ENSSSCG00000016009"
"1929","ENSSSCG00000016314"
"1930","ENSSSCG00000016605"
"1931","ENSSSCG00000016773"
"1932","ENSSSCG00000017009"
"1933","ENSSSCG00000017192"
"1934","ENSSSCG00000017237"
"1935","ENSSSCG00000017274"
"1936","ENSSSCG00000017422"
"1937","ENSSSCG00000017591"
"1938","ENSSSCG00000017614"
"1939","ENSSSCG00000017752"
"1940","ENSSSCG00000017763"
"1941","ENSSSCG00000017913"
"1942","ENSSSCG00000017996"
"1943","ENSSSCG00000018042"
"1944","ENSSSCG00000018049"
"1945","ENSSSCG00000019114"
"1946","ENSSSCG00000019165"
"1947","ENSSSCG00000020749"
"1948","ENSSSCG00000020868"
"1949","ENSSSCG00000020984"
"1950","ENSSSCG00000020988"
"1951","ENSSSCG00000020989"
"1952","ENSSSCG00000021837"
"1953","ENSSSCG00000022145"
"1954","ENSSSCG00000022324"
"1955","ENSSSCG00000022857"
"1956","ENSSSCG00000023155"
"1957","ENSSSCG00000023485"
"1958","ENSSSCG00000023732"
"1959","ENSSSCG00000023749"
"1960","ENSSSCG00000023771"
"1961","ENSSSCG00000023956"
"1962","ENSSSCG00000024126"
"1963","ENSSSCG00000024235"
"1964","ENSSSCG00000024314"
"1965","ENSSSCG00000024718"
"1966","ENSSSCG00000024900"
"1967","ENSSSCG00000025316"
"1968","ENSSSCG00000025593"
"1969","ENSSSCG00000025729"
"1970","ENSSSCG00000026414"
"1971","ENSSSCG00000026421"
"1972","ENSSSCG00000026931"
"1973","ENSSSCG00000027249"
"1974","ENSSSCG00000027459"
"1975","ENSSSCG00000027755"
"1976","ENSSSCG00000027922"
"1977","ENSSSCG00000027975"
"1978","ENSSSCG00000028635"
"1979","ENSSSCG00000028713"
"1980","ENSSSCG00000029119"
"1981","ENSSSCG00000029185"
"1982","ENSSSCG00000029240"
"1983","ENSSSCG00000029538"
"1984","ENSSSCG00000029641"
"1985","ENSSSCG00000030388"
"1986","ENSSSCG00000030484"
"1987","ENSSSCG00000031129"
"1988","ENSSSCG00000031352"
"1989","ENSSSCG00000031533"
"1990","ENSSSCG00000032782"
"1991","ENSSSCG00000032971"
"1992","ENSSSCG00000033103"
"1993","ENSSSCG00000033117"
"1994","ENSSSCG00000033313"
"1995","ENSSSCG00000033505"
"1996","ENSSSCG00000033527"
"1997","ENSSSCG00000033564"
"1998","ENSSSCG00000033577"
"1999","ENSSSCG00000034178"
"2000","ENSSSCG00000034288"
"2001","ENSSSCG00000034474"
"2002","ENSSSCG00000035025"
"2003","ENSSSCG00000035583"
"2004","ENSSSCG00000035850"
"2005","ENSSSCG00000036026"
"2006","ENSSSCG00000036294"
"2007","ENSSSCG00000036383"
"2008","ENSSSCG00000036884"
"2009","ENSSSCG00000037071"
"2010","ENSSSCG00000037137"
"2011","ENSSSCG00000037427"
"2012","ENSSSCG00000037431"
"2013","ENSSSCG00000037445"
"2014","ENSSSCG00000037782"
"2015","ENSSSCG00000038008"
"2016","ENSSSCG00000038350"
"2017","ENSSSCG00000038439"
"2018","ENSSSCG00000038515"
"2019","ENSSSCG00000038717"
"2020","ENSSSCG00000038825"
"2021","ENSSSCG00000039183"
"2022","ENSSSCG00000039568"
"2023","ENSSSCG00000039650"
"2024","ENSSSCG00000039700"
"2025","ENSSSCG00000039798"
"2026","ENSSSCG00000039858"
"2027","ENSSSCG00000039862"
"2028","ENSSSCG00000040134"
"2029","ENSSSCG00000040406"
"2030","ENSSSCG00000040435"
"2031","ENSSSCG00000040448"
"2032","ENSSSCG00000040509"
"2033","ENSSSCG00000040729"
"2034","ENSSSCG00000040875"
"2035","ENSSSCG00000041580"
"2036","ENSSSCG00000041617"
"2037","ENSSSCG00000041649"
"2038","ENSSSCG00000041667"
"2039","ENSSSCG00000041880"
"2040","ENSSSCG00000042108"
"2041","ENSSSCG00000042362"
"2042","ENSSSCG00000042427"
"2043","ENSSSCG00000042585"
"2044","ENSSSCG00000042639"
"2045","ENSSSCG00000042939"
"2046","ENSSSCG00000042956"
"2047","ENSSSCG00000043197"
"2048","ENSSSCG00000043202"
"2049","ENSSSCG00000043372"
"2050","ENSSSCG00000043444"
"2051","ENSSSCG00000044793"
"2052","ENSSSCG00000044926"
"2053","ENSSSCG00000045102"
"2054","ENSSSCG00000045555"
"2055","ENSSSCG00000045879"
"2056","ENSSSCG00000046210"
"2057","ENSSSCG00000046865"
"2058","ENSSSCG00000048346"
"2059","ENSSSCG00000049134"
"2060","ENSSSCG00000049371"
"2061","ENSSSCG00000049504"
"2062","ENSSSCG00000049544"
"2063","ENSSSCG00000049968"
"2064","ENSSSCG00000050272"
"2065","ENSSSCG00000050406"
"2066","ENSSSCG00000050462"
"2067","ENSSSCG00000051085"
"2068","ENSSSCG00000051093"
"2069","ENSSSCG00000051521"
"2070","ENSSSCG00000051682"
"2071","ENSSSCG00000000682"
"2072","ENSSSCG00000000709"
"2073","ENSSSCG00000000871"
"2074","ENSSSCG00000001342"
"2075","ENSSSCG00000001787"
"2076","ENSSSCG00000001840"
"2077","ENSSSCG00000002388"
"2078","ENSSSCG00000003218"
"2079","ENSSSCG00000003421"
"2080","ENSSSCG00000003875"
"2081","ENSSSCG00000005455"
"2082","ENSSSCG00000005652"
"2083","ENSSSCG00000006202"
"2084","ENSSSCG00000006369"
"2085","ENSSSCG00000006775"
"2086","ENSSSCG00000007437"
"2087","ENSSSCG00000007473"
"2088","ENSSSCG00000007523"
"2089","ENSSSCG00000007543"
"2090","ENSSSCG00000007718"
"2091","ENSSSCG00000007850"
"2092","ENSSSCG00000008758"
"2093","ENSSSCG00000008854"
"2094","ENSSSCG00000010005"
"2095","ENSSSCG00000010238"
"2096","ENSSSCG00000010404"
"2097","ENSSSCG00000010574"
"2098","ENSSSCG00000010809"
"2099","ENSSSCG00000012076"
"2100","ENSSSCG00000012969"
"2101","ENSSSCG00000013117"
"2102","ENSSSCG00000013344"
"2103","ENSSSCG00000014030"
"2104","ENSSSCG00000014157"
"2105","ENSSSCG00000014672"
"2106","ENSSSCG00000014822"
"2107","ENSSSCG00000015145"
"2108","ENSSSCG00000015302"
"2109","ENSSSCG00000015346"
"2110","ENSSSCG00000015402"
"2111","ENSSSCG00000015413"
"2112","ENSSSCG00000015815"
"2113","ENSSSCG00000015844"
"2114","ENSSSCG00000016219"
"2115","ENSSSCG00000017233"
"2116","ENSSSCG00000017317"
"2117","ENSSSCG00000017638"
"2118","ENSSSCG00000017726"
"2119","ENSSSCG00000017880"
"2120","ENSSSCG00000017902"
"2121","ENSSSCG00000018041"
"2122","ENSSSCG00000020915"
"2123","ENSSSCG00000021457"
"2124","ENSSSCG00000021867"
"2125","ENSSSCG00000022080"
"2126","ENSSSCG00000022868"
"2127","ENSSSCG00000022948"
"2128","ENSSSCG00000023173"
"2129","ENSSSCG00000023501"
"2130","ENSSSCG00000023612"
"2131","ENSSSCG00000023627"
"2132","ENSSSCG00000023672"
"2133","ENSSSCG00000024260"
"2134","ENSSSCG00000024281"
"2135","ENSSSCG00000024307"
"2136","ENSSSCG00000025618"
"2137","ENSSSCG00000026395"
"2138","ENSSSCG00000026816"
"2139","ENSSSCG00000027641"
"2140","ENSSSCG00000028766"
"2141","ENSSSCG00000028995"
"2142","ENSSSCG00000029502"
"2143","ENSSSCG00000029602"
"2144","ENSSSCG00000031602"
"2145","ENSSSCG00000031851"
"2146","ENSSSCG00000032113"
"2147","ENSSSCG00000032698"
"2148","ENSSSCG00000033009"
"2149","ENSSSCG00000033217"
"2150","ENSSSCG00000033359"
"2151","ENSSSCG00000033906"
"2152","ENSSSCG00000033909"
"2153","ENSSSCG00000034329"
"2154","ENSSSCG00000034994"
"2155","ENSSSCG00000035592"
"2156","ENSSSCG00000036427"
"2157","ENSSSCG00000036814"
"2158","ENSSSCG00000037351"
"2159","ENSSSCG00000037524"
"2160","ENSSSCG00000039201"
"2161","ENSSSCG00000039929"
"2162","ENSSSCG00000040107"
"2163","ENSSSCG00000040575"
"2164","ENSSSCG00000040889"
"2165","ENSSSCG00000041395"
"2166","ENSSSCG00000041868"
"2167","ENSSSCG00000042109"
"2168","ENSSSCG00000042332"
"2169","ENSSSCG00000042808"
"2170","ENSSSCG00000043189"
"2171","ENSSSCG00000045488"
"2172","ENSSSCG00000045932"
"2173","ENSSSCG00000046640"
"2174","ENSSSCG00000047210"
"2175","ENSSSCG00000047637"
"2176","ENSSSCG00000047876"
"2177","ENSSSCG00000047902"
"2178","ENSSSCG00000048144"
"2179","ENSSSCG00000048389"
"2180","ENSSSCG00000048448"
"2181","ENSSSCG00000048543"
"2182","ENSSSCG00000049332"
"2183","ENSSSCG00000049451"
"2184","ENSSSCG00000050256"
"2185","ENSSSCG00000050769"
"2186","ENSSSCG00000051036"
"2187","ENSSSCG00000051298"
"2188","ENSSSCG00000051362"
"2189","ENSSSCG00000051674"
"2190","ENSSSCG00000051710"
"2191","ENSSSCG00000051794"
"2192","ENSSSCG00000000204"
"2193","ENSSSCG00000000279"
"2194","ENSSSCG00000001209"
"2195","ENSSSCG00000001391"
"2196","ENSSSCG00000001520"
"2197","ENSSSCG00000001706"
"2198","ENSSSCG00000001723"
"2199","ENSSSCG00000001779"
"2200","ENSSSCG00000002026"
"2201","ENSSSCG00000002032"
"2202","ENSSSCG00000002262"
"2203","ENSSSCG00000002380"
"2204","ENSSSCG00000002795"
"2205","ENSSSCG00000002916"
"2206","ENSSSCG00000003083"
"2207","ENSSSCG00000003216"
"2208","ENSSSCG00000003325"
"2209","ENSSSCG00000004002"
"2210","ENSSSCG00000004621"
"2211","ENSSSCG00000004703"
"2212","ENSSSCG00000004945"
"2213","ENSSSCG00000005269"
"2214","ENSSSCG00000005688"
"2215","ENSSSCG00000005773"
"2216","ENSSSCG00000006192"
"2217","ENSSSCG00000006303"
"2218","ENSSSCG00000006304"
"2219","ENSSSCG00000006388"
"2220","ENSSSCG00000006472"
"2221","ENSSSCG00000006511"
"2222","ENSSSCG00000006872"
"2223","ENSSSCG00000006982"
"2224","ENSSSCG00000007145"
"2225","ENSSSCG00000007736"
"2226","ENSSSCG00000008040"
"2227","ENSSSCG00000008118"
"2228","ENSSSCG00000008503"
"2229","ENSSSCG00000009169"
"2230","ENSSSCG00000009239"
"2231","ENSSSCG00000009354"
"2232","ENSSSCG00000009435"
"2233","ENSSSCG00000010352"
"2234","ENSSSCG00000010456"
"2235","ENSSSCG00000010536"
"2236","ENSSSCG00000010638"
"2237","ENSSSCG00000011386"
"2238","ENSSSCG00000011400"
"2239","ENSSSCG00000011405"
"2240","ENSSSCG00000011811"
"2241","ENSSSCG00000011913"
"2242","ENSSSCG00000013056"
"2243","ENSSSCG00000013246"
"2244","ENSSSCG00000013343"
"2245","ENSSSCG00000013494"
"2246","ENSSSCG00000015285"
"2247","ENSSSCG00000015560"
"2248","ENSSSCG00000015979"
"2249","ENSSSCG00000016061"
"2250","ENSSSCG00000016109"
"2251","ENSSSCG00000016682"
"2252","ENSSSCG00000016716"
"2253","ENSSSCG00000017206"
"2254","ENSSSCG00000017351"
"2255","ENSSSCG00000017541"
"2256","ENSSSCG00000017901"
"2257","ENSSSCG00000017929"
"2258","ENSSSCG00000021238"
"2259","ENSSSCG00000021988"
"2260","ENSSSCG00000022092"
"2261","ENSSSCG00000022423"
"2262","ENSSSCG00000022434"
"2263","ENSSSCG00000022636"
"2264","ENSSSCG00000022679"
"2265","ENSSSCG00000022895"
"2266","ENSSSCG00000023351"
"2267","ENSSSCG00000023596"
"2268","ENSSSCG00000024549"
"2269","ENSSSCG00000024578"
"2270","ENSSSCG00000024776"
"2271","ENSSSCG00000026389"
"2272","ENSSSCG00000026552"
"2273","ENSSSCG00000026818"
"2274","ENSSSCG00000027467"
"2275","ENSSSCG00000029200"
"2276","ENSSSCG00000029231"
"2277","ENSSSCG00000030149"
"2278","ENSSSCG00000030182"
"2279","ENSSSCG00000030345"
"2280","ENSSSCG00000030547"
"2281","ENSSSCG00000030921"
"2282","ENSSSCG00000031261"
"2283","ENSSSCG00000033614"
"2284","ENSSSCG00000033641"
"2285","ENSSSCG00000033830"
"2286","ENSSSCG00000033844"
"2287","ENSSSCG00000034400"
"2288","ENSSSCG00000035000"
"2289","ENSSSCG00000035392"
"2290","ENSSSCG00000035612"
"2291","ENSSSCG00000037143"
"2292","ENSSSCG00000037304"
"2293","ENSSSCG00000037430"
"2294","ENSSSCG00000037501"
"2295","ENSSSCG00000037595"
"2296","ENSSSCG00000038257"
"2297","ENSSSCG00000038327"
"2298","ENSSSCG00000038413"
"2299","ENSSSCG00000040342"
"2300","ENSSSCG00000041734"
"2301","ENSSSCG00000042341"
"2302","ENSSSCG00000043894"
"2303","ENSSSCG00000044128"
"2304","ENSSSCG00000044543"
"2305","ENSSSCG00000044631"
"2306","ENSSSCG00000045200"
"2307","ENSSSCG00000045223"
"2308","ENSSSCG00000046483"
"2309","ENSSSCG00000047264"
"2310","ENSSSCG00000048111"
"2311","ENSSSCG00000048733"
"2312","ENSSSCG00000049934"
"2313","ENSSSCG00000051290"
"2314","ENSSSCG00000000024"
"2315","ENSSSCG00000000113"
"2316","ENSSSCG00000000176"
"2317","ENSSSCG00000000215"
"2318","ENSSSCG00000000393"
"2319","ENSSSCG00000000901"
"2320","ENSSSCG00000001419"
"2321","ENSSSCG00000001434"
"2322","ENSSSCG00000002243"
"2323","ENSSSCG00000002573"
"2324","ENSSSCG00000002652"
"2325","ENSSSCG00000002904"
"2326","ENSSSCG00000002913"
"2327","ENSSSCG00000002988"
"2328","ENSSSCG00000003046"
"2329","ENSSSCG00000003132"
"2330","ENSSSCG00000003463"
"2331","ENSSSCG00000003486"
"2332","ENSSSCG00000003694"
"2333","ENSSSCG00000004716"
"2334","ENSSSCG00000004856"
"2335","ENSSSCG00000005102"
"2336","ENSSSCG00000005630"
"2337","ENSSSCG00000005959"
"2338","ENSSSCG00000006018"
"2339","ENSSSCG00000006693"
"2340","ENSSSCG00000006726"
"2341","ENSSSCG00000006825"
"2342","ENSSSCG00000006877"
"2343","ENSSSCG00000006996"
"2344","ENSSSCG00000007165"
"2345","ENSSSCG00000007340"
"2346","ENSSSCG00000007528"
"2347","ENSSSCG00000007656"
"2348","ENSSSCG00000008045"
"2349","ENSSSCG00000008121"
"2350","ENSSSCG00000008134"
"2351","ENSSSCG00000008599"
"2352","ENSSSCG00000008624"
"2353","ENSSSCG00000008730"
"2354","ENSSSCG00000009116"
"2355","ENSSSCG00000009628"
"2356","ENSSSCG00000009652"
"2357","ENSSSCG00000009874"
"2358","ENSSSCG00000009954"
"2359","ENSSSCG00000010131"
"2360","ENSSSCG00000010396"
"2361","ENSSSCG00000011261"
"2362","ENSSSCG00000011454"
"2363","ENSSSCG00000011892"
"2364","ENSSSCG00000012049"
"2365","ENSSSCG00000012893"
"2366","ENSSSCG00000013252"
"2367","ENSSSCG00000013333"
"2368","ENSSSCG00000013376"
"2369","ENSSSCG00000013377"
"2370","ENSSSCG00000013568"
"2371","ENSSSCG00000013649"
"2372","ENSSSCG00000013654"
"2373","ENSSSCG00000013752"
"2374","ENSSSCG00000014182"
"2375","ENSSSCG00000014379"
"2376","ENSSSCG00000014445"
"2377","ENSSSCG00000014626"
"2378","ENSSSCG00000014670"
"2379","ENSSSCG00000015136"
"2380","ENSSSCG00000015523"
"2381","ENSSSCG00000015711"
"2382","ENSSSCG00000016554"
"2383","ENSSSCG00000016956"
"2384","ENSSSCG00000017307"
"2385","ENSSSCG00000017346"
"2386","ENSSSCG00000017418"
"2387","ENSSSCG00000017866"
"2388","ENSSSCG00000017912"
"2389","ENSSSCG00000017978"
"2390","ENSSSCG00000018058"
"2391","ENSSSCG00000018644"
"2392","ENSSSCG00000021265"
"2393","ENSSSCG00000021448"
"2394","ENSSSCG00000021904"
"2395","ENSSSCG00000022467"
"2396","ENSSSCG00000022706"
"2397","ENSSSCG00000022957"
"2398","ENSSSCG00000023086"
"2399","ENSSSCG00000023371"
"2400","ENSSSCG00000023487"
"2401","ENSSSCG00000023760"
"2402","ENSSSCG00000024881"
"2403","ENSSSCG00000025416"
"2404","ENSSSCG00000025483"
"2405","ENSSSCG00000026004"
"2406","ENSSSCG00000026602"
"2407","ENSSSCG00000028501"
"2408","ENSSSCG00000029425"
"2409","ENSSSCG00000029783"
"2410","ENSSSCG00000031139"
"2411","ENSSSCG00000031170"
"2412","ENSSSCG00000031384"
"2413","ENSSSCG00000031452"
"2414","ENSSSCG00000031565"
"2415","ENSSSCG00000031683"
"2416","ENSSSCG00000031788"
"2417","ENSSSCG00000032019"
"2418","ENSSSCG00000032059"
"2419","ENSSSCG00000032082"
"2420","ENSSSCG00000032280"
"2421","ENSSSCG00000032511"
"2422","ENSSSCG00000032931"
"2423","ENSSSCG00000033037"
"2424","ENSSSCG00000033041"
"2425","ENSSSCG00000033082"
"2426","ENSSSCG00000033106"
"2427","ENSSSCG00000033463"
"2428","ENSSSCG00000033780"
"2429","ENSSSCG00000034151"
"2430","ENSSSCG00000034302"
"2431","ENSSSCG00000034369"
"2432","ENSSSCG00000034963"
"2433","ENSSSCG00000035052"
"2434","ENSSSCG00000035293"
"2435","ENSSSCG00000035964"
"2436","ENSSSCG00000036029"
"2437","ENSSSCG00000036551"
"2438","ENSSSCG00000036781"
"2439","ENSSSCG00000036874"
"2440","ENSSSCG00000037038"
"2441","ENSSSCG00000037044"
"2442","ENSSSCG00000037843"
"2443","ENSSSCG00000037846"
"2444","ENSSSCG00000037875"
"2445","ENSSSCG00000037991"
"2446","ENSSSCG00000038540"
"2447","ENSSSCG00000038864"
"2448","ENSSSCG00000039315"
"2449","ENSSSCG00000039878"
"2450","ENSSSCG00000040062"
"2451","ENSSSCG00000040185"
"2452","ENSSSCG00000040798"
"2453","ENSSSCG00000041094"
"2454","ENSSSCG00000041186"
"2455","ENSSSCG00000041864"
"2456","ENSSSCG00000042250"
"2457","ENSSSCG00000042253"
"2458","ENSSSCG00000042393"
"2459","ENSSSCG00000043687"
"2460","ENSSSCG00000043795"
"2461","ENSSSCG00000043852"
"2462","ENSSSCG00000044141"
"2463","ENSSSCG00000044349"
"2464","ENSSSCG00000044511"
"2465","ENSSSCG00000044603"
"2466","ENSSSCG00000044618"
"2467","ENSSSCG00000044700"
"2468","ENSSSCG00000045377"
"2469","ENSSSCG00000045883"
"2470","ENSSSCG00000045936"
"2471","ENSSSCG00000046239"
"2472","ENSSSCG00000046381"
"2473","ENSSSCG00000047625"
"2474","ENSSSCG00000047913"
"2475","ENSSSCG00000048033"
"2476","ENSSSCG00000048041"
"2477","ENSSSCG00000048042"
"2478","ENSSSCG00000048352"
"2479","ENSSSCG00000048500"
"2480","ENSSSCG00000049636"
"2481","ENSSSCG00000049767"
"2482","ENSSSCG00000050203"
"2483","ENSSSCG00000050723"
"2484","ENSSSCG00000051140"
"2485","ENSSSCG00000051330"
"2486","ENSSSCG00000051618"
"2487","ENSSSCG00000002844"
"2488","ENSSSCG00000003022"
"2489","ENSSSCG00000004074"
"2490","ENSSSCG00000004912"
"2491","ENSSSCG00000004979"
"2492","ENSSSCG00000005243"
"2493","ENSSSCG00000005296"
"2494","ENSSSCG00000006316"
"2495","ENSSSCG00000006385"
"2496","ENSSSCG00000007199"
"2497","ENSSSCG00000008125"
"2498","ENSSSCG00000008635"
"2499","ENSSSCG00000008824"
"2500","ENSSSCG00000009651"
"2501","ENSSSCG00000009875"
"2502","ENSSSCG00000010031"
"2503","ENSSSCG00000010156"
"2504","ENSSSCG00000010570"
"2505","ENSSSCG00000011131"
"2506","ENSSSCG00000011399"
"2507","ENSSSCG00000011641"
"2508","ENSSSCG00000011750"
"2509","ENSSSCG00000013315"
"2510","ENSSSCG00000013902"
"2511","ENSSSCG00000014075"
"2512","ENSSSCG00000014539"
"2513","ENSSSCG00000014935"
"2514","ENSSSCG00000014999"
"2515","ENSSSCG00000015203"
"2516","ENSSSCG00000016116"
"2517","ENSSSCG00000017328"
"2518","ENSSSCG00000017407"
"2519","ENSSSCG00000020701"
"2520","ENSSSCG00000021845"
"2521","ENSSSCG00000022630"
"2522","ENSSSCG00000023166"
"2523","ENSSSCG00000024205"
"2524","ENSSSCG00000026169"
"2525","ENSSSCG00000026323"
"2526","ENSSSCG00000026719"
"2527","ENSSSCG00000027257"
"2528","ENSSSCG00000029902"
"2529","ENSSSCG00000030018"
"2530","ENSSSCG00000030048"
"2531","ENSSSCG00000032166"
"2532","ENSSSCG00000032481"
"2533","ENSSSCG00000033183"
"2534","ENSSSCG00000033191"
"2535","ENSSSCG00000034495"
"2536","ENSSSCG00000034551"
"2537","ENSSSCG00000037323"
"2538","ENSSSCG00000037557"
"2539","ENSSSCG00000038993"
"2540","ENSSSCG00000039661"
"2541","ENSSSCG00000040413"
"2542","ENSSSCG00000040666"
"2543","ENSSSCG00000043906"
"2544","ENSSSCG00000044583"
"2545","ENSSSCG00000045581"
"2546","ENSSSCG00000046486"
"2547","ENSSSCG00000046488"
"2548","ENSSSCG00000046638"
"2549","ENSSSCG00000047823"
"2550","ENSSSCG00000050566"
"2551","ENSSSCG00000051050"
"2552","ENSSSCG00000000072"
"2553","ENSSSCG00000000877"
"2554","ENSSSCG00000002023"
"2555","ENSSSCG00000002309"
"2556","ENSSSCG00000002633"
"2557","ENSSSCG00000003072"
"2558","ENSSSCG00000003144"
"2559","ENSSSCG00000003374"
"2560","ENSSSCG00000003737"
"2561","ENSSSCG00000004626"
"2562","ENSSSCG00000005073"
"2563","ENSSSCG00000005164"
"2564","ENSSSCG00000005204"
"2565","ENSSSCG00000005512"
"2566","ENSSSCG00000006060"
"2567","ENSSSCG00000006370"
"2568","ENSSSCG00000006727"
"2569","ENSSSCG00000007510"
"2570","ENSSSCG00000008016"
"2571","ENSSSCG00000008250"
"2572","ENSSSCG00000008641"
"2573","ENSSSCG00000009772"
"2574","ENSSSCG00000009822"
"2575","ENSSSCG00000011263"
"2576","ENSSSCG00000011408"
"2577","ENSSSCG00000011524"
"2578","ENSSSCG00000011837"
"2579","ENSSSCG00000013341"
"2580","ENSSSCG00000013490"
"2581","ENSSSCG00000013895"
"2582","ENSSSCG00000014169"
"2583","ENSSSCG00000015300"
"2584","ENSSSCG00000015776"
"2585","ENSSSCG00000017592"
"2586","ENSSSCG00000018513"
"2587","ENSSSCG00000021956"
"2588","ENSSSCG00000022464"
"2589","ENSSSCG00000023080"
"2590","ENSSSCG00000025980"
"2591","ENSSSCG00000026180"
"2592","ENSSSCG00000027100"
"2593","ENSSSCG00000029943"
"2594","ENSSSCG00000030413"
"2595","ENSSSCG00000030435"
"2596","ENSSSCG00000030781"
"2597","ENSSSCG00000031023"
"2598","ENSSSCG00000031949"
"2599","ENSSSCG00000032684"
"2600","ENSSSCG00000033314"
"2601","ENSSSCG00000033874"
"2602","ENSSSCG00000034427"
"2603","ENSSSCG00000035419"
"2604","ENSSSCG00000036047"
"2605","ENSSSCG00000036673"
"2606","ENSSSCG00000037299"
"2607","ENSSSCG00000037698"
"2608","ENSSSCG00000037744"
"2609","ENSSSCG00000037950"
"2610","ENSSSCG00000038570"
"2611","ENSSSCG00000038630"
"2612","ENSSSCG00000040100"
"2613","ENSSSCG00000042780"
"2614","ENSSSCG00000050072"
"2615","ENSSSCG00000050591"
"2616","ENSSSCG00000051232"
"2617","ENSSSCG00000051746"
"2618","ENSSSCG00000000114"
"2619","ENSSSCG00000000536"
"2620","ENSSSCG00000001061"
"2621","ENSSSCG00000001720"
"2622","ENSSSCG00000001755"
"2623","ENSSSCG00000002011"
"2624","ENSSSCG00000002305"
"2625","ENSSSCG00000002368"
"2626","ENSSSCG00000003062"
"2627","ENSSSCG00000003239"
"2628","ENSSSCG00000003266"
"2629","ENSSSCG00000003541"
"2630","ENSSSCG00000003651"
"2631","ENSSSCG00000003799"
"2632","ENSSSCG00000003815"
"2633","ENSSSCG00000004040"
"2634","ENSSSCG00000004843"
"2635","ENSSSCG00000005916"
"2636","ENSSSCG00000006161"
"2637","ENSSSCG00000006743"
"2638","ENSSSCG00000006820"
"2639","ENSSSCG00000006830"
"2640","ENSSSCG00000007226"
"2641","ENSSSCG00000007552"
"2642","ENSSSCG00000007659"
"2643","ENSSSCG00000007763"
"2644","ENSSSCG00000008062"
"2645","ENSSSCG00000008638"
"2646","ENSSSCG00000008944"
"2647","ENSSSCG00000008965"
"2648","ENSSSCG00000009358"
"2649","ENSSSCG00000009572"
"2650","ENSSSCG00000009633"
"2651","ENSSSCG00000009642"
"2652","ENSSSCG00000009717"
"2653","ENSSSCG00000009784"
"2654","ENSSSCG00000010105"
"2655","ENSSSCG00000010256"
"2656","ENSSSCG00000010820"
"2657","ENSSSCG00000011434"
"2658","ENSSSCG00000011646"
"2659","ENSSSCG00000011885"
"2660","ENSSSCG00000012072"
"2661","ENSSSCG00000012912"
"2662","ENSSSCG00000012997"
"2663","ENSSSCG00000013015"
"2664","ENSSSCG00000013498"
"2665","ENSSSCG00000013724"
"2666","ENSSSCG00000013849"
"2667","ENSSSCG00000014302"
"2668","ENSSSCG00000014443"
"2669","ENSSSCG00000014599"
"2670","ENSSSCG00000015113"
"2671","ENSSSCG00000015713"
"2672","ENSSSCG00000016049"
"2673","ENSSSCG00000016428"
"2674","ENSSSCG00000017200"
"2675","ENSSSCG00000017213"
"2676","ENSSSCG00000017331"
"2677","ENSSSCG00000017501"
"2678","ENSSSCG00000017557"
"2679","ENSSSCG00000017672"
"2680","ENSSSCG00000017779"
"2681","ENSSSCG00000017814"
"2682","ENSSSCG00000017986"
"2683","ENSSSCG00000018014"
"2684","ENSSSCG00000018790"
"2685","ENSSSCG00000021270"
"2686","ENSSSCG00000021439"
"2687","ENSSSCG00000022396"
"2688","ENSSSCG00000023377"
"2689","ENSSSCG00000023619"
"2690","ENSSSCG00000024223"
"2691","ENSSSCG00000024752"
"2692","ENSSSCG00000024998"
"2693","ENSSSCG00000025021"
"2694","ENSSSCG00000025097"
"2695","ENSSSCG00000025685"
"2696","ENSSSCG00000025787"
"2697","ENSSSCG00000025795"
"2698","ENSSSCG00000026333"
"2699","ENSSSCG00000026423"
"2700","ENSSSCG00000026453"
"2701","ENSSSCG00000027052"
"2702","ENSSSCG00000027197"
"2703","ENSSSCG00000028019"
"2704","ENSSSCG00000028166"
"2705","ENSSSCG00000028210"
"2706","ENSSSCG00000028602"
"2707","ENSSSCG00000029257"
"2708","ENSSSCG00000029281"
"2709","ENSSSCG00000029516"
"2710","ENSSSCG00000030131"
"2711","ENSSSCG00000030351"
"2712","ENSSSCG00000030906"
"2713","ENSSSCG00000031299"
"2714","ENSSSCG00000031562"
"2715","ENSSSCG00000032007"
"2716","ENSSSCG00000032199"
"2717","ENSSSCG00000032301"
"2718","ENSSSCG00000032438"
"2719","ENSSSCG00000032594"
"2720","ENSSSCG00000032974"
"2721","ENSSSCG00000033207"
"2722","ENSSSCG00000033574"
"2723","ENSSSCG00000034385"
"2724","ENSSSCG00000034492"
"2725","ENSSSCG00000034891"
"2726","ENSSSCG00000035313"
"2727","ENSSSCG00000035396"
"2728","ENSSSCG00000035521"
"2729","ENSSSCG00000035924"
"2730","ENSSSCG00000036480"
"2731","ENSSSCG00000036569"
"2732","ENSSSCG00000036595"
"2733","ENSSSCG00000036965"
"2734","ENSSSCG00000037101"
"2735","ENSSSCG00000037451"
"2736","ENSSSCG00000037791"
"2737","ENSSSCG00000037856"
"2738","ENSSSCG00000038289"
"2739","ENSSSCG00000038553"
"2740","ENSSSCG00000038693"
"2741","ENSSSCG00000039204"
"2742","ENSSSCG00000039627"
"2743","ENSSSCG00000040720"
"2744","ENSSSCG00000041044"
"2745","ENSSSCG00000041090"
"2746","ENSSSCG00000041835"
"2747","ENSSSCG00000041910"
"2748","ENSSSCG00000042587"
"2749","ENSSSCG00000042633"
"2750","ENSSSCG00000042746"
"2751","ENSSSCG00000042990"
"2752","ENSSSCG00000043262"
"2753","ENSSSCG00000043864"
"2754","ENSSSCG00000044084"
"2755","ENSSSCG00000044087"
"2756","ENSSSCG00000044295"
"2757","ENSSSCG00000044306"
"2758","ENSSSCG00000044396"
"2759","ENSSSCG00000044439"
"2760","ENSSSCG00000044669"
"2761","ENSSSCG00000045316"
"2762","ENSSSCG00000045343"
"2763","ENSSSCG00000045905"
"2764","ENSSSCG00000046519"
"2765","ENSSSCG00000046788"
"2766","ENSSSCG00000047205"
"2767","ENSSSCG00000047207"
"2768","ENSSSCG00000047511"
"2769","ENSSSCG00000047790"
"2770","ENSSSCG00000047817"
"2771","ENSSSCG00000047967"
"2772","ENSSSCG00000048027"
"2773","ENSSSCG00000048583"
"2774","ENSSSCG00000048674"
"2775","ENSSSCG00000048676"
"2776","ENSSSCG00000048737"
"2777","ENSSSCG00000049234"
"2778","ENSSSCG00000049721"
"2779","ENSSSCG00000050257"
"2780","ENSSSCG00000051278"
"2781","ENSSSCG00000051287"
"2782","ENSSSCG00000051382"
"2783","ENSSSCG00000000292"
"2784","ENSSSCG00000000405"
"2785","ENSSSCG00000000728"
"2786","ENSSSCG00000000748"
"2787","ENSSSCG00000000760"
"2788","ENSSSCG00000001203"
"2789","ENSSSCG00000002431"
"2790","ENSSSCG00000002930"
"2791","ENSSSCG00000004545"
"2792","ENSSSCG00000004592"
"2793","ENSSSCG00000004918"
"2794","ENSSSCG00000005506"
"2795","ENSSSCG00000005672"
"2796","ENSSSCG00000005941"
"2797","ENSSSCG00000006088"
"2798","ENSSSCG00000006204"
"2799","ENSSSCG00000006354"
"2800","ENSSSCG00000007941"
"2801","ENSSSCG00000008957"
"2802","ENSSSCG00000008981"
"2803","ENSSSCG00000009162"
"2804","ENSSSCG00000009331"
"2805","ENSSSCG00000009578"
"2806","ENSSSCG00000010243"
"2807","ENSSSCG00000010448"
"2808","ENSSSCG00000011549"
"2809","ENSSSCG00000011653"
"2810","ENSSSCG00000013572"
"2811","ENSSSCG00000014817"
"2812","ENSSSCG00000014852"
"2813","ENSSSCG00000015080"
"2814","ENSSSCG00000015120"
"2815","ENSSSCG00000016459"
"2816","ENSSSCG00000016686"
"2817","ENSSSCG00000016701"
"2818","ENSSSCG00000016883"
"2819","ENSSSCG00000016887"
"2820","ENSSSCG00000017569"
"2821","ENSSSCG00000022237"
"2822","ENSSSCG00000022726"
"2823","ENSSSCG00000023091"
"2824","ENSSSCG00000023667"
"2825","ENSSSCG00000023714"
"2826","ENSSSCG00000024748"
"2827","ENSSSCG00000025652"
"2828","ENSSSCG00000025717"
"2829","ENSSSCG00000026142"
"2830","ENSSSCG00000027169"
"2831","ENSSSCG00000028509"
"2832","ENSSSCG00000028877"
"2833","ENSSSCG00000029234"
"2834","ENSSSCG00000029837"
"2835","ENSSSCG00000031307"
"2836","ENSSSCG00000032860"
"2837","ENSSSCG00000033259"
"2838","ENSSSCG00000033465"
"2839","ENSSSCG00000034448"
"2840","ENSSSCG00000034763"
"2841","ENSSSCG00000034973"
"2842","ENSSSCG00000035933"
"2843","ENSSSCG00000036149"
"2844","ENSSSCG00000036158"
"2845","ENSSSCG00000036532"
"2846","ENSSSCG00000036876"
"2847","ENSSSCG00000037151"
"2848","ENSSSCG00000038001"
"2849","ENSSSCG00000038579"
"2850","ENSSSCG00000040690"
"2851","ENSSSCG00000040827"
"2852","ENSSSCG00000041536"
"2853","ENSSSCG00000041764"
"2854","ENSSSCG00000044446"
"2855","ENSSSCG00000044931"
"2856","ENSSSCG00000045911"
"2857","ENSSSCG00000048787"
"2858","ENSSSCG00000051490"
"2859","ENSSSCG00000000021"
"2860","ENSSSCG00000000162"
"2861","ENSSSCG00000000848"
"2862","ENSSSCG00000000958"
"2863","ENSSSCG00000001775"
"2864","ENSSSCG00000001872"
"2865","ENSSSCG00000003063"
"2866","ENSSSCG00000004361"
"2867","ENSSSCG00000004465"
"2868","ENSSSCG00000004839"
"2869","ENSSSCG00000005208"
"2870","ENSSSCG00000006121"
"2871","ENSSSCG00000006319"
"2872","ENSSSCG00000007000"
"2873","ENSSSCG00000007031"
"2874","ENSSSCG00000007171"
"2875","ENSSSCG00000007555"
"2876","ENSSSCG00000007896"
"2877","ENSSSCG00000008245"
"2878","ENSSSCG00000008510"
"2879","ENSSSCG00000008770"
"2880","ENSSSCG00000008796"
"2881","ENSSSCG00000009193"
"2882","ENSSSCG00000009564"
"2883","ENSSSCG00000009568"
"2884","ENSSSCG00000009839"
"2885","ENSSSCG00000010681"
"2886","ENSSSCG00000011112"
"2887","ENSSSCG00000011917"
"2888","ENSSSCG00000012845"
"2889","ENSSSCG00000013423"
"2890","ENSSSCG00000013733"
"2891","ENSSSCG00000013868"
"2892","ENSSSCG00000014083"
"2893","ENSSSCG00000014630"
"2894","ENSSSCG00000014823"
"2895","ENSSSCG00000014899"
"2896","ENSSSCG00000016011"
"2897","ENSSSCG00000017287"
"2898","ENSSSCG00000017290"
"2899","ENSSSCG00000022454"
"2900","ENSSSCG00000022869"
"2901","ENSSSCG00000023125"
"2902","ENSSSCG00000023171"
"2903","ENSSSCG00000023297"
"2904","ENSSSCG00000023441"
"2905","ENSSSCG00000024149"
"2906","ENSSSCG00000024496"
"2907","ENSSSCG00000026084"
"2908","ENSSSCG00000027232"
"2909","ENSSSCG00000028433"
"2910","ENSSSCG00000029094"
"2911","ENSSSCG00000029260"
"2912","ENSSSCG00000029385"
"2913","ENSSSCG00000032751"
"2914","ENSSSCG00000033496"
"2915","ENSSSCG00000033550"
"2916","ENSSSCG00000035923"
"2917","ENSSSCG00000035973"
"2918","ENSSSCG00000036350"
"2919","ENSSSCG00000036554"
"2920","ENSSSCG00000036785"
"2921","ENSSSCG00000036832"
"2922","ENSSSCG00000037977"
"2923","ENSSSCG00000038264"
"2924","ENSSSCG00000038394"
"2925","ENSSSCG00000039041"
"2926","ENSSSCG00000039094"
"2927","ENSSSCG00000039244"
"2928","ENSSSCG00000039952"
"2929","ENSSSCG00000043163"
"2930","ENSSSCG00000046220"
"2931","ENSSSCG00000046895"
"2932","ENSSSCG00000048556"
"2933","ENSSSCG00000049665"
"2934","ENSSSCG00000050940"
"2935","ENSSSCG00000001691"
"2936","ENSSSCG00000002001"
"2937","ENSSSCG00000005737"
"2938","ENSSSCG00000006805"
"2939","ENSSSCG00000006948"
"2940","ENSSSCG00000007063"
"2941","ENSSSCG00000007370"
"2942","ENSSSCG00000008423"
"2943","ENSSSCG00000009766"
"2944","ENSSSCG00000013316"
"2945","ENSSSCG00000015792"
"2946","ENSSSCG00000017235"
"2947","ENSSSCG00000017518"
"2948","ENSSSCG00000029331"
"2949","ENSSSCG00000029662"
"2950","ENSSSCG00000033592"
"2951","ENSSSCG00000033737"
"2952","ENSSSCG00000034114"
"2953","ENSSSCG00000034454"
"2954","ENSSSCG00000034609"
"2955","ENSSSCG00000035586"
"2956","ENSSSCG00000037478"
"2957","ENSSSCG00000037676"
"2958","ENSSSCG00000037762"
"2959","ENSSSCG00000037975"
"2960","ENSSSCG00000040125"
"2961","ENSSSCG00000040155"
"2962","ENSSSCG00000040467"
"2963","ENSSSCG00000040641"
"2964","ENSSSCG00000042640"
"2965","ENSSSCG00000043002"
"2966","ENSSSCG00000044929"
"2967","ENSSSCG00000046474"
"2968","ENSSSCG00000049402"
"2969","ENSSSCG00000006000"
"2970","ENSSSCG00000006955"
"2971","ENSSSCG00000009477"
"2972","ENSSSCG00000010016"
"2973","ENSSSCG00000010212"
"2974","ENSSSCG00000014977"
"2975","ENSSSCG00000015093"
"2976","ENSSSCG00000016821"
"2977","ENSSSCG00000017474"
"2978","ENSSSCG00000024179"
"2979","ENSSSCG00000028345"
"2980","ENSSSCG00000032827"
"2981","ENSSSCG00000037577"
"2982","ENSSSCG00000038708"
"2983","ENSSSCG00000038724"
"2984","ENSSSCG00000041703"
"2985","ENSSSCG00000050786"
"2986","ENSSSCG00000003119"
"2987","ENSSSCG00000006490"
"2988","ENSSSCG00000008723"
"2989","ENSSSCG00000009759"
"2990","ENSSSCG00000017036"
"2991","ENSSSCG00000017514"
"2992","ENSSSCG00000029596"
"2993","ENSSSCG00000034044"
"2994","ENSSSCG00000035078"
"2995","ENSSSCG00000041202"
"2996","ENSSSCG00000048045"
"2997","ENSSSCG00000051601"
